<?xml version="1.0" encoding="UTF-8" ?>
<Actors>
<Actor>
  <id>70866</id>
  <Image>actors/70866.jpg</Image>
  <Name>Colin Ferguson</Name>
  <Role>Jack Carter</Role>
  <SortOrder>0</SortOrder>
</Actor>
<Actor>
  <id>70872</id>
  <Image>actors/70872.jpg</Image>
  <Name>Erica Cerra</Name>
  <Role>Josefina &quot;Jo&quot; Lupo</Role>
  <SortOrder>1</SortOrder>
</Actor>
<Actor>
  <id>70868</id>
  <Image>actors/70868.jpg</Image>
  <Name>Jordan Hinson</Name>
  <Role>Zoe Carter</Role>
  <SortOrder>2</SortOrder>
</Actor>
<Actor>
  <id>70867</id>
  <Image>actors/70867.jpg</Image>
  <Name>Salli Richardson-Whitfield</Name>
  <Role>Allison Blake</Role>
  <SortOrder>2</SortOrder>
</Actor>
<Actor>
  <id>78174</id>
  <Image>actors/78174.jpg</Image>
  <Name>Niall Matter</Name>
  <Role>Zane Donovan</Role>
  <SortOrder>3</SortOrder>
</Actor>
<Actor>
  <id>78173</id>
  <Image>actors/78173.jpg</Image>
  <Name>Frances Fisher</Name>
  <Role>Eva Thorne</Role>
  <SortOrder>3</SortOrder>
</Actor>
<Actor>
  <id>78172</id>
  <Image>actors/78172.jpg</Image>
  <Name>Neil Grayston</Name>
  <Role>Douglas Fargo</Role>
  <SortOrder>3</SortOrder>
</Actor>
<Actor>
  <id>70873</id>
  <Image>actors/70873.jpg</Image>
  <Name>Debrah Farentino</Name>
  <Role>Beverly Barlow</Role>
  <SortOrder>3</SortOrder>
</Actor>
<Actor>
  <id>70871</id>
  <Image>actors/70871.jpg</Image>
  <Name>Joe Morton</Name>
  <Role>Henry Deacon</Role>
  <SortOrder>3</SortOrder>
</Actor>
<Actor>
  <id>70870</id>
  <Image>actors/70870.jpg</Image>
  <Name>Matt Frewer</Name>
  <Role>Jim Taggart</Role>
  <SortOrder>3</SortOrder>
</Actor>
<Actor>
  <id>70869</id>
  <Image>actors/70869.jpg</Image>
  <Name>Ed Quinn</Name>
  <Role>Nathan Stark</Role>
  <SortOrder>3</SortOrder>
</Actor>
<Actor>
  <id>104751</id>
  <Image>actors/104751.jpg</Image>
  <Name>Chris Gauthier</Name>
  <Role>Vincent</Role>
  <SortOrder>3</SortOrder>
</Actor>
</Actors>