<?xml version="1.0" encoding="UTF-8" ?>
<Data><Series>
  <id>79334</id>
  <Actors>|Colin Ferguson|Erica Cerra|Jordan Hinson|Salli Richardson-Whitfield|Niall Matter|Frances Fisher|Neil Grayston|Debrah Farentino|Joe Morton|Matt Frewer|Ed Quinn|Chris Gauthier|</Actors>
  <Airs_DayOfWeek>Friday</Airs_DayOfWeek>
  <Airs_Time>9:00 PM</Airs_Time>
  <ContentRating>TV-PG</ContentRating>
  <FirstAired>2006-07-18</FirstAired>
  <Genre>|Comedy|Drama|Science-Fiction|</Genre>
  <IMDB_ID>tt0796264</IMDB_ID>
  <Language>en</Language>
  <Network>Syfy</Network>
  <NetworkID></NetworkID>
  <Overview>The sleepy Pacific Northwest town of Eureka is hiding a mysterious secret. The government has been relocating the world’s geniuses and their families to this rustic town for years where innovation and chaos have lived hand in hand. U.S. Marshal Jack Carter (Colin Ferguson) stumbles upon this odd town after wrecking his car and becoming stranded there. When the denizens of the town unleash an unknown scientific creation, Carter jumps in to try to restore order and consequently learns of one of the country’s best kept secrets.</Overview>
  <Rating>8.6</Rating>
  <RatingCount>211</RatingCount>
  <Runtime>60</Runtime>
  <SeriesID>58448</SeriesID>
  <SeriesName>Eureka</SeriesName>
  <Status>Continuing</Status>
  <added></added>
  <addedBy></addedBy>
  <banner>graphical/79334-g6.jpg</banner>
  <fanart>fanart/original/79334-20.jpg</fanart>
  <lastupdated>1304123901</lastupdated>
  <poster>posters/79334-2.jpg</poster>
  <zap2it_id>SH00840179</zap2it_id>
</Series>
<Episode>
  <id>403215</id>
  <Combined_episodenumber>1</Combined_episodenumber>
  <Combined_season>0</Combined_season>
  <DVD_chapter></DVD_chapter>
  <DVD_discid></DVD_discid>
  <DVD_episodenumber></DVD_episodenumber>
  <DVD_season></DVD_season>
  <Director></Director>
  <EpImgFlag>1</EpImgFlag>
  <EpisodeName>Hide and Seek Prologue</EpisodeName>
  <EpisodeNumber>1</EpisodeNumber>
  <FirstAired></FirstAired>
  <GuestStars></GuestStars>
  <IMDB_ID></IMDB_ID>
  <Language>en</Language>
  <Overview>A mysterious presence in the woods outside town first sparks fear, then prompts an investigation which quickly involves all of Eureka's eccentric denizens.</Overview>
  <ProductionCode></ProductionCode>
  <Rating>6.5</Rating>
  <RatingCount>2</RatingCount>
  <SeasonNumber>0</SeasonNumber>
  <Writer></Writer>
  <absolute_number></absolute_number>
  <airsafter_season>1</airsafter_season>
  <airsbefore_episode></airsbefore_episode>
  <airsbefore_season></airsbefore_season>
  <filename>episodes/79334/403215.jpg</filename>
  <lastupdated>1278786883</lastupdated>
  <seasonid>26774</seasonid>
  <seriesid>79334</seriesid>
</Episode>
<Episode>
  <id>403216</id>
  <Combined_episodenumber>2</Combined_episodenumber>
  <Combined_season>0</Combined_season>
  <DVD_chapter></DVD_chapter>
  <DVD_discid></DVD_discid>
  <DVD_episodenumber></DVD_episodenumber>
  <DVD_season></DVD_season>
  <Director></Director>
  <EpImgFlag>1</EpImgFlag>
  <EpisodeName>Hide and Seek Webisode 1</EpisodeName>
  <EpisodeNumber>2</EpisodeNumber>
  <FirstAired></FirstAired>
  <GuestStars></GuestStars>
  <IMDB_ID></IMDB_ID>
  <Language>en</Language>
  <Overview>Video of a beast outside Eureka spurs Carter and Taggert into action.</Overview>
  <ProductionCode></ProductionCode>
  <Rating>8.0</Rating>
  <RatingCount>1</RatingCount>
  <SeasonNumber>0</SeasonNumber>
  <Writer></Writer>
  <absolute_number></absolute_number>
  <airsafter_season>1</airsafter_season>
  <airsbefore_episode></airsbefore_episode>
  <airsbefore_season></airsbefore_season>
  <filename>episodes/79334/403216.jpg</filename>
  <lastupdated>1278786887</lastupdated>
  <seasonid>26774</seasonid>
  <seriesid>79334</seriesid>
</Episode>
<Episode>
  <id>403217</id>
  <Combined_episodenumber>3</Combined_episodenumber>
  <Combined_season>0</Combined_season>
  <DVD_chapter></DVD_chapter>
  <DVD_discid></DVD_discid>
  <DVD_episodenumber></DVD_episodenumber>
  <DVD_season></DVD_season>
  <Director></Director>
  <EpImgFlag>1</EpImgFlag>
  <EpisodeName>Hide and Seek Webisode 2</EpisodeName>
  <EpisodeNumber>3</EpisodeNumber>
  <FirstAired></FirstAired>
  <GuestStars></GuestStars>
  <IMDB_ID></IMDB_ID>
  <Language>en</Language>
  <Overview>Carter, Lupo and Taggart search the woods for the beast</Overview>
  <ProductionCode></ProductionCode>
  <Rating>9.0</Rating>
  <RatingCount>1</RatingCount>
  <SeasonNumber>0</SeasonNumber>
  <Writer></Writer>
  <absolute_number></absolute_number>
  <airsafter_season>1</airsafter_season>
  <airsbefore_episode></airsbefore_episode>
  <airsbefore_season></airsbefore_season>
  <filename>episodes/79334/403217.jpg</filename>
  <lastupdated>1278786893</lastupdated>
  <seasonid>26774</seasonid>
  <seriesid>79334</seriesid>
</Episode>
<Episode>
  <id>403218</id>
  <Combined_episodenumber>4</Combined_episodenumber>
  <Combined_season>0</Combined_season>
  <DVD_chapter></DVD_chapter>
  <DVD_discid></DVD_discid>
  <DVD_episodenumber></DVD_episodenumber>
  <DVD_season></DVD_season>
  <Director></Director>
  <EpImgFlag>1</EpImgFlag>
  <EpisodeName>Hide and Seek Webisode 3</EpisodeName>
  <EpisodeNumber>4</EpisodeNumber>
  <FirstAired></FirstAired>
  <GuestStars></GuestStars>
  <IMDB_ID></IMDB_ID>
  <Language>en</Language>
  <Overview>Allison Blake has a frightening run-in with the creature.</Overview>
  <ProductionCode></ProductionCode>
  <Rating>8.0</Rating>
  <RatingCount>1</RatingCount>
  <SeasonNumber>0</SeasonNumber>
  <Writer></Writer>
  <absolute_number></absolute_number>
  <airsafter_season>1</airsafter_season>
  <airsbefore_episode></airsbefore_episode>
  <airsbefore_season></airsbefore_season>
  <filename>episodes/79334/403218.jpg</filename>
  <lastupdated>1278786899</lastupdated>
  <seasonid>26774</seasonid>
  <seriesid>79334</seriesid>
</Episode>
<Episode>
  <id>403219</id>
  <Combined_episodenumber>5</Combined_episodenumber>
  <Combined_season>0</Combined_season>
  <DVD_chapter></DVD_chapter>
  <DVD_discid></DVD_discid>
  <DVD_episodenumber></DVD_episodenumber>
  <DVD_season></DVD_season>
  <Director></Director>
  <EpImgFlag>1</EpImgFlag>
  <EpisodeName>Hide and Seek Webisode 4</EpisodeName>
  <EpisodeNumber>5</EpisodeNumber>
  <FirstAired></FirstAired>
  <GuestStars></GuestStars>
  <IMDB_ID></IMDB_ID>
  <Language>en</Language>
  <Overview>An autopsy of the creature leads to a shocking discovery.</Overview>
  <ProductionCode></ProductionCode>
  <Rating>9.0</Rating>
  <RatingCount>1</RatingCount>
  <SeasonNumber>0</SeasonNumber>
  <Writer></Writer>
  <absolute_number></absolute_number>
  <airsafter_season>1</airsafter_season>
  <airsbefore_episode></airsbefore_episode>
  <airsbefore_season></airsbefore_season>
  <filename>episodes/79334/403219.jpg</filename>
  <lastupdated>1278786903</lastupdated>
  <seasonid>26774</seasonid>
  <seriesid>79334</seriesid>
</Episode>
<Episode>
  <id>403220</id>
  <Combined_episodenumber>6</Combined_episodenumber>
  <Combined_season>0</Combined_season>
  <DVD_chapter></DVD_chapter>
  <DVD_discid></DVD_discid>
  <DVD_episodenumber></DVD_episodenumber>
  <DVD_season></DVD_season>
  <Director></Director>
  <EpImgFlag>1</EpImgFlag>
  <EpisodeName>Hide and Seek Webisode 5</EpisodeName>
  <EpisodeNumber>6</EpisodeNumber>
  <FirstAired></FirstAired>
  <GuestStars></GuestStars>
  <IMDB_ID></IMDB_ID>
  <Language>en</Language>
  <Overview>Carter follows the latest clues to a fateful confrontation.</Overview>
  <ProductionCode></ProductionCode>
  <Rating>9.0</Rating>
  <RatingCount>1</RatingCount>
  <SeasonNumber>0</SeasonNumber>
  <Writer></Writer>
  <absolute_number></absolute_number>
  <airsafter_season>1</airsafter_season>
  <airsbefore_episode></airsbefore_episode>
  <airsbefore_season></airsbefore_season>
  <filename>episodes/79334/403220.jpg</filename>
  <lastupdated>1278786908</lastupdated>
  <seasonid>26774</seasonid>
  <seriesid>79334</seriesid>
</Episode>
<Episode>
  <id>403221</id>
  <Combined_episodenumber>7</Combined_episodenumber>
  <Combined_season>0</Combined_season>
  <DVD_chapter></DVD_chapter>
  <DVD_discid></DVD_discid>
  <DVD_episodenumber></DVD_episodenumber>
  <DVD_season></DVD_season>
  <Director></Director>
  <EpImgFlag>1</EpImgFlag>
  <EpisodeName>Hide and Seek Webisode 6</EpisodeName>
  <EpisodeNumber>7</EpisodeNumber>
  <FirstAired></FirstAired>
  <GuestStars></GuestStars>
  <IMDB_ID></IMDB_ID>
  <Language>en</Language>
  <Overview>Carter finds the &quot;missing link&quot; to the mystery monster.</Overview>
  <ProductionCode></ProductionCode>
  <Rating>9.0</Rating>
  <RatingCount>1</RatingCount>
  <SeasonNumber>0</SeasonNumber>
  <Writer></Writer>
  <absolute_number></absolute_number>
  <airsafter_season>1</airsafter_season>
  <airsbefore_episode></airsbefore_episode>
  <airsbefore_season></airsbefore_season>
  <filename>episodes/79334/403221.jpg</filename>
  <lastupdated>1278786915</lastupdated>
  <seasonid>26774</seasonid>
  <seriesid>79334</seriesid>
</Episode>
<Episode>
  <id>403222</id>
  <Combined_episodenumber>8</Combined_episodenumber>
  <Combined_season>0</Combined_season>
  <DVD_chapter></DVD_chapter>
  <DVD_discid></DVD_discid>
  <DVD_episodenumber></DVD_episodenumber>
  <DVD_season></DVD_season>
  <Director></Director>
  <EpImgFlag>1</EpImgFlag>
  <EpisodeName>Hide and Seek Webisode 7</EpisodeName>
  <EpisodeNumber>8</EpisodeNumber>
  <FirstAired></FirstAired>
  <GuestStars></GuestStars>
  <IMDB_ID></IMDB_ID>
  <Language>en</Language>
  <Overview>Carter finds the &quot;missing link&quot; to the mystery monster.</Overview>
  <ProductionCode></ProductionCode>
  <Rating>10.0</Rating>
  <RatingCount>1</RatingCount>
  <SeasonNumber>0</SeasonNumber>
  <Writer></Writer>
  <absolute_number></absolute_number>
  <airsafter_season>1</airsafter_season>
  <airsbefore_episode></airsbefore_episode>
  <airsbefore_season></airsbefore_season>
  <filename>episodes/79334/403222.jpg</filename>
  <lastupdated>1278786918</lastupdated>
  <seasonid>26774</seasonid>
  <seriesid>79334</seriesid>
</Episode>
<Episode>
  <id>2456121</id>
  <Combined_episodenumber>9</Combined_episodenumber>
  <Combined_season>0</Combined_season>
  <DVD_chapter></DVD_chapter>
  <DVD_discid></DVD_discid>
  <DVD_episodenumber></DVD_episodenumber>
  <DVD_season></DVD_season>
  <Director></Director>
  <EpImgFlag>2</EpImgFlag>
  <EpisodeName>Lets All Go to Eureka</EpisodeName>
  <EpisodeNumber>9</EpisodeNumber>
  <FirstAired>2010-07-09</FirstAired>
  <GuestStars></GuestStars>
  <IMDB_ID></IMDB_ID>
  <Language>en</Language>
  <Overview>See the characters from America’s smartest little town like you’ve never seen them before, as you get ready for the all-new season of Syfy’s original series, Eureka. And this year, “the equation has changed.” Yes, Eureka is going through a major transformation, and as you’ll see, its inhabitants might never be the same.</Overview>
  <ProductionCode></ProductionCode>
  <Rating>6.7</Rating>
  <RatingCount>3</RatingCount>
  <SeasonNumber>0</SeasonNumber>
  <Writer></Writer>
  <absolute_number></absolute_number>
  <airsafter_season></airsafter_season>
  <airsbefore_episode>1</airsbefore_episode>
  <airsbefore_season>4</airsbefore_season>
  <filename>episodes/79334/2456121.jpg</filename>
  <lastupdated>1281477018</lastupdated>
  <seasonid>26774</seasonid>
  <seriesid>79334</seriesid>
</Episode>
<Episode>
  <id>307459</id>
  <Combined_episodenumber>1.1</Combined_episodenumber>
  <Combined_season>1</Combined_season>
  <DVD_chapter></DVD_chapter>
  <DVD_discid></DVD_discid>
  <DVD_episodenumber>1.1</DVD_episodenumber>
  <DVD_season>1</DVD_season>
  <Director>Peter O'Fallon</Director>
  <EpImgFlag>2</EpImgFlag>
  <EpisodeName>Pilot</EpisodeName>
  <EpisodeNumber>1</EpisodeNumber>
  <FirstAired>2006-07-18</FirstAired>
  <GuestStars>|Maury Chaykin| Rob LaBelle| Greg Germann| Zak  Ludwig| Jennifer Clement| Benjamin B. Smith| Meshach Peters|</GuestStars>
  <IMDB_ID></IMDB_ID>
  <Language>en</Language>
  <Overview>After a strange accident sidelines Eureka's sheriff, U.S. Marshal Jack Carter takes over the investigation into the mysterious phenomenon that led to the death of a resident. 
Carter learns about the secret purpose of the town while trying to re-establish a connection with his angry and bitter daughter, Zoe. He develops a friendly working relationship with government liaison Allison Blake and meets some of the more eccentric residents of Eureka.</Overview>
  <ProductionCode>101</ProductionCode>
  <Rating>7.7</Rating>
  <RatingCount>47</RatingCount>
  <SeasonNumber>1</SeasonNumber>
  <Writer>Andrew Cosby, Jaime Paglia</Writer>
  <absolute_number></absolute_number>
  <filename>episodes/79334/307459.jpg</filename>
  <lastupdated>1217896523</lastupdated>
  <seasonid>16278</seasonid>
  <seriesid>79334</seriesid>
</Episode>
<Episode>
  <id>307461</id>
  <Combined_episodenumber>2.0</Combined_episodenumber>
  <Combined_season>1</Combined_season>
  <DVD_chapter></DVD_chapter>
  <DVD_discid></DVD_discid>
  <DVD_episodenumber>2.0</DVD_episodenumber>
  <DVD_season>1</DVD_season>
  <Director>Jefery Levy</Director>
  <EpImgFlag></EpImgFlag>
  <EpisodeName>Many Happy Returns</EpisodeName>
  <EpisodeNumber>2</EpisodeNumber>
  <FirstAired>2006-07-25</FirstAired>
  <GuestStars>|Zak  Ludwig| Rob LaBelle| Jennifer Clement| Meshach Peters|</GuestStars>
  <IMDB_ID></IMDB_ID>
  <Language>en</Language>
  <Overview>Carter and the other citizens of Eureka attend the funeral of Susan Perkins. Much to their surprise, Ms. Perkins makes a return to Eureka as a woman who is very much alive!
</Overview>
  <ProductionCode>102</ProductionCode>
  <Rating>7.6</Rating>
  <RatingCount>43</RatingCount>
  <SeasonNumber>1</SeasonNumber>
  <Writer>Andrew Cosby, Jaime Paglia</Writer>
  <absolute_number></absolute_number>
  <filename>episodes/79334/307461.jpg</filename>
  <lastupdated>1207483074</lastupdated>
  <seasonid>16278</seasonid>
  <seriesid>79334</seriesid>
</Episode>
<Episode>
  <id>307462</id>
  <Combined_episodenumber>3.0</Combined_episodenumber>
  <Combined_season>1</Combined_season>
  <DVD_chapter></DVD_chapter>
  <DVD_discid></DVD_discid>
  <DVD_episodenumber>3.0</DVD_episodenumber>
  <DVD_season>1</DVD_season>
  <Director>Michael Robison</Director>
  <EpImgFlag></EpImgFlag>
  <EpisodeName>Before I Forget</EpisodeName>
  <EpisodeNumber>3</EpisodeNumber>
  <FirstAired>2006-08-01</FirstAired>
  <GuestStars>|Ken Yanko| Amber Borycki| Ryan Vrba| Samuel Patrick Chu| Andrew Airlie|</GuestStars>
  <IMDB_ID></IMDB_ID>
  <Language>en</Language>
  <Overview>Jack Carter accidentally shoots Henry while suffering from short-term memory loss, meanwhile a visit from a noted scientist may hold clues into to his sudden memory loss.
</Overview>
  <ProductionCode>103</ProductionCode>
  <Rating>7.5</Rating>
  <RatingCount>42</RatingCount>
  <SeasonNumber>1</SeasonNumber>
  <Writer>John Rogers</Writer>
  <absolute_number></absolute_number>
  <filename>episodes/79334/307462.jpg</filename>
  <lastupdated>1209651931</lastupdated>
  <seasonid>16278</seasonid>
  <seriesid>79334</seriesid>
</Episode>
<Episode>
  <id>307463</id>
  <Combined_episodenumber>4.0</Combined_episodenumber>
  <Combined_season>1</Combined_season>
  <DVD_chapter></DVD_chapter>
  <DVD_discid></DVD_discid>
  <DVD_episodenumber>4.0</DVD_episodenumber>
  <DVD_season>1</DVD_season>
  <Director>Marita Grabiak</Director>
  <EpImgFlag>2</EpImgFlag>
  <EpisodeName>Alienated</EpisodeName>
  <EpisodeNumber>4</EpisodeNumber>
  <FirstAired>2006-08-08</FirstAired>
  <GuestStars>|Layla Alizada| Daryl Shuttleworth| Garwin Sanford|</GuestStars>
  <IMDB_ID></IMDB_ID>
  <Language>en</Language>
  <Overview>Spencer is apparently abducted by aliens and then returned to earth the next day inside a crop circle. Also, the town is visited by the congressman whose committee is responsible for its government funding.
</Overview>
  <ProductionCode>104</ProductionCode>
  <Rating>7.6</Rating>
  <RatingCount>35</RatingCount>
  <SeasonNumber>1</SeasonNumber>
  <Writer>Dan E. Fesman, Harry Victor</Writer>
  <absolute_number></absolute_number>
  <filename>episodes/79334/307463.jpg</filename>
  <lastupdated>1209652521</lastupdated>
  <seasonid>16278</seasonid>
  <seriesid>79334</seriesid>
</Episode>
<Episode>
  <id>307464</id>
  <Combined_episodenumber>5.0</Combined_episodenumber>
  <Combined_season>1</Combined_season>
  <DVD_chapter></DVD_chapter>
  <DVD_discid></DVD_discid>
  <DVD_episodenumber>5.0</DVD_episodenumber>
  <DVD_season>1</DVD_season>
  <Director>Michael Robison</Director>
  <EpImgFlag></EpImgFlag>
  <EpisodeName>Invincible</EpisodeName>
  <EpisodeNumber>5</EpisodeNumber>
  <FirstAired>2006-08-15</FirstAired>
  <GuestStars>Saul Rubinek</GuestStars>
  <IMDB_ID></IMDB_ID>
  <Language>en</Language>
  <Overview>After a lab accident, Global Dynamics researcher Carl Carlson is expelled from Eureka due to lack of results. Later, it is discovered that the accident has unlocked hidden abilities in Carl. Meanwhile, Jack does his best to avoid a physical.</Overview>
  <ProductionCode>105</ProductionCode>
  <Rating>7.2</Rating>
  <RatingCount>39</RatingCount>
  <SeasonNumber>1</SeasonNumber>
  <Writer>John Rogers</Writer>
  <absolute_number></absolute_number>
  <filename>episodes/79334/307464.jpg</filename>
  <lastupdated>1209652020</lastupdated>
  <seasonid>16278</seasonid>
  <seriesid>79334</seriesid>
</Episode>
<Episode>
  <id>307465</id>
  <Combined_episodenumber>6.0</Combined_episodenumber>
  <Combined_season>1</Combined_season>
  <DVD_chapter></DVD_chapter>
  <DVD_discid></DVD_discid>
  <DVD_episodenumber>6.0</DVD_episodenumber>
  <DVD_season>1</DVD_season>
  <Director>Jeff Woolnough</Director>
  <EpImgFlag></EpImgFlag>
  <EpisodeName>Dr. Nobel</EpisodeName>
  <EpisodeNumber>6</EpisodeNumber>
  <FirstAired>2006-08-22</FirstAired>
  <GuestStars>|Antony Holland| Bryan Wilson| Keith Wilson| Donna White| Aaron  Rota| Tyla Gagnon| Jocelyne Loewen| Mark Burgess| John Burnside| Matthew McInnis| Colin Foo|</GuestStars>
  <IMDB_ID></IMDB_ID>
  <Language>en</Language>
  <Overview>After Fargo and Spencer accidentally activate a doomsday device, Carter must help Dr. Irwin Thatcher, an aging scientist, to shut down the device.
</Overview>
  <ProductionCode>106</ProductionCode>
  <Rating>7.7</Rating>
  <RatingCount>38</RatingCount>
  <SeasonNumber>1</SeasonNumber>
  <Writer>Harry Victor, Dan E. Fesman</Writer>
  <absolute_number></absolute_number>
  <filename>episodes/79334/307465.jpg</filename>
  <lastupdated>1278007270</lastupdated>
  <seasonid>16278</seasonid>
  <seriesid>79334</seriesid>
</Episode>
<Episode>
  <id>307466</id>
  <Combined_episodenumber>7.0</Combined_episodenumber>
  <Combined_season>1</Combined_season>
  <DVD_chapter></DVD_chapter>
  <DVD_discid></DVD_discid>
  <DVD_episodenumber>7.0</DVD_episodenumber>
  <DVD_season>1</DVD_season>
  <Director>Jefery Levy</Director>
  <EpImgFlag></EpImgFlag>
  <EpisodeName>Blink</EpisodeName>
  <EpisodeNumber>7</EpisodeNumber>
  <FirstAired>2006-08-29</FirstAired>
  <GuestStars>|Chris Gauthier| Katie Chapman| Laura Adkin| Graham Young| Nathan  Kelly| Gary Sekhon| Shayn Solberg| David Quinlan| Tom Tames|</GuestStars>
  <IMDB_ID></IMDB_ID>
  <Language>en</Language>
  <Overview>Carter investigates an unusual car accident. Meanwhile, Stark is under stress to produce results on a project.
</Overview>
  <ProductionCode>107</ProductionCode>
  <Rating>7.5</Rating>
  <RatingCount>36</RatingCount>
  <SeasonNumber>1</SeasonNumber>
  <Writer>Andrew Cosby, Jaime Paglia</Writer>
  <absolute_number></absolute_number>
  <filename>episodes/79334/307466.jpg</filename>
  <lastupdated>1209652066</lastupdated>
  <seasonid>16278</seasonid>
  <seriesid>79334</seriesid>
</Episode>
<Episode>
  <id>307467</id>
  <Combined_episodenumber>8.0</Combined_episodenumber>
  <Combined_season>1</Combined_season>
  <DVD_chapter></DVD_chapter>
  <DVD_discid></DVD_discid>
  <DVD_episodenumber>8.0</DVD_episodenumber>
  <DVD_season>1</DVD_season>
  <Director>Michael J. Rohl</Director>
  <EpImgFlag></EpImgFlag>
  <EpisodeName>Right as Raynes</EpisodeName>
  <EpisodeNumber>8</EpisodeNumber>
  <FirstAired>2006-09-05</FirstAired>
  <GuestStars>|Robert Clarke| Sean Devine| Alex Diakun| David Paetkau| Shayn Solberg| Christopher Gauthier|</GuestStars>
  <IMDB_ID></IMDB_ID>
  <Language>en</Language>
  <Overview>When the return of Eureka's star pupil causes problems all over town, Stark is forced to make a hard choice. Carter attempts to track down Zoe who has run off with the former resident.
</Overview>
  <ProductionCode>108</ProductionCode>
  <Rating>7.3</Rating>
  <RatingCount>40</RatingCount>
  <SeasonNumber>1</SeasonNumber>
  <Writer>Johanna Stokes</Writer>
  <absolute_number></absolute_number>
  <filename>episodes/79334/307467.jpg</filename>
  <lastupdated>1209652075</lastupdated>
  <seasonid>16278</seasonid>
  <seriesid>79334</seriesid>
</Episode>
<Episode>
  <id>307468</id>
  <Combined_episodenumber>9.0</Combined_episodenumber>
  <Combined_season>1</Combined_season>
  <DVD_chapter></DVD_chapter>
  <DVD_discid></DVD_discid>
  <DVD_episodenumber>9.0</DVD_episodenumber>
  <DVD_season>1</DVD_season>
  <Director>Colin Bucksey</Director>
  <EpImgFlag></EpImgFlag>
  <EpisodeName>Primal</EpisodeName>
  <EpisodeNumber>9</EpisodeNumber>
  <FirstAired>2006-09-12</FirstAired>
  <GuestStars>|Aleks Paunovic| Robert Clarke| Rukiya Bernard| Shayn Solberg| Christopher Gauthier|</GuestStars>
  <IMDB_ID></IMDB_ID>
  <Language>en</Language>
  <Overview>Fargo invents a device that bridges the gap between computers and human brains
</Overview>
  <ProductionCode>109</ProductionCode>
  <Rating>7.4</Rating>
  <RatingCount>37</RatingCount>
  <SeasonNumber>1</SeasonNumber>
  <Writer>Johanna Stokes, Martin Weiss (II)</Writer>
  <absolute_number></absolute_number>
  <filename>episodes/79334/307468.jpg</filename>
  <lastupdated>1209652099</lastupdated>
  <seasonid>16278</seasonid>
  <seriesid>79334</seriesid>
</Episode>
<Episode>
  <id>307469</id>
  <Combined_episodenumber>10.0</Combined_episodenumber>
  <Combined_season>1</Combined_season>
  <DVD_chapter></DVD_chapter>
  <DVD_discid></DVD_discid>
  <DVD_episodenumber>10.0</DVD_episodenumber>
  <DVD_season>1</DVD_season>
  <Director>David Straiton</Director>
  <EpImgFlag></EpImgFlag>
  <EpisodeName>Purple Haze</EpisodeName>
  <EpisodeNumber>10</EpisodeNumber>
  <FirstAired>2006-09-19</FirstAired>
  <GuestStars>Bryan Wilson|Keith Wilson|Michael Benyaer|Alan Legros</GuestStars>
  <IMDB_ID></IMDB_ID>
  <Language>en</Language>
  <Overview>Strange behavior is affecting the whole town except Sheriff Carter and Zoe. The father and daughter team must find the cause while Stark makes a decision that could affect the world.</Overview>
  <ProductionCode>110</ProductionCode>
  <Rating>7.6</Rating>
  <RatingCount>33</RatingCount>
  <SeasonNumber>1</SeasonNumber>
  <Writer>Johanna Stokes</Writer>
  <absolute_number></absolute_number>
  <filename>episodes/79334/307469.jpg</filename>
  <lastupdated>1209652149</lastupdated>
  <seasonid>16278</seasonid>
  <seriesid>79334</seriesid>
</Episode>
<Episode>
  <id>307470</id>
  <Combined_episodenumber>11.0</Combined_episodenumber>
  <Combined_season>1</Combined_season>
  <DVD_chapter></DVD_chapter>
  <DVD_discid></DVD_discid>
  <DVD_episodenumber>11.0</DVD_episodenumber>
  <DVD_season>1</DVD_season>
  <Director>Jeff Woonough</Director>
  <EpImgFlag></EpImgFlag>
  <EpisodeName>H.O.U.S.E. Rules</EpisodeName>
  <EpisodeNumber>11</EpisodeNumber>
  <FirstAired>2006-09-26</FirstAired>
  <GuestStars>|Neil Grayston| Michael Coleman| Arthur Corber|</GuestStars>
  <IMDB_ID></IMDB_ID>
  <Language>en</Language>
  <Overview>S.A.R.A.H - the artificial intelligence that runs Carter's house takes him and a group of residents hostage in an intervention to keep Carter in Eureka. Meanwhile her root program B.R.A.D activates and turns the situation deadly.
</Overview>
  <ProductionCode>111</ProductionCode>
  <Rating>7.7</Rating>
  <RatingCount>35</RatingCount>
  <SeasonNumber>1</SeasonNumber>
  <Writer>Harry Victor</Writer>
  <absolute_number></absolute_number>
  <filename>episodes/79334/307470.jpg</filename>
  <lastupdated>1214415708</lastupdated>
  <seasonid>16278</seasonid>
  <seriesid>79334</seriesid>
</Episode>
<Episode>
  <id>308827</id>
  <Combined_episodenumber>12.0</Combined_episodenumber>
  <Combined_season>1</Combined_season>
  <DVD_chapter></DVD_chapter>
  <DVD_discid></DVD_discid>
  <DVD_episodenumber>12.0</DVD_episodenumber>
  <DVD_season>1</DVD_season>
  <Director>Michael Lange</Director>
  <EpImgFlag></EpImgFlag>
  <EpisodeName>Once in a Lifetime</EpisodeName>
  <EpisodeNumber>12</EpisodeNumber>
  <FirstAired>2006-10-03</FirstAired>
  <GuestStars>|Tamlyn Tomita| J.R. Messado| Keith Wilson| Bryan Wilson| Aaron Isaacs| Christopher Gauthier| Neil Grayston|</GuestStars>
  <IMDB_ID></IMDB_ID>
  <Language>en</Language>
  <Overview>Stark is given a chance to try the top-secret Artifact. Once it's tested, Eureka warps into the future and ends up in 2010, where the town is different.
</Overview>
  <ProductionCode>112</ProductionCode>
  <Rating>7.6</Rating>
  <RatingCount>36</RatingCount>
  <SeasonNumber>1</SeasonNumber>
  <Writer>Jaime Paglia|Andrew Cosby</Writer>
  <absolute_number></absolute_number>
  <filename>episodes/79334/308827.jpg</filename>
  <lastupdated>1214415721</lastupdated>
  <seasonid>16278</seasonid>
  <seriesid>79334</seriesid>
</Episode>
<Episode>
  <id>330050</id>
  <Combined_episodenumber>1</Combined_episodenumber>
  <Combined_season>2</Combined_season>
  <DVD_chapter></DVD_chapter>
  <DVD_discid></DVD_discid>
  <DVD_episodenumber></DVD_episodenumber>
  <DVD_season></DVD_season>
  <Director>Mike Rohl</Director>
  <EpImgFlag>2</EpImgFlag>
  <EpisodeName>Phoenix Rising</EpisodeName>
  <EpisodeNumber>1</EpisodeNumber>
  <FirstAired>2007-07-10</FirstAired>
  <GuestStars>Paul Christie|Stephen Powell|Raugi Yu|Reese Alexander|Michael Kopsa|J.B. McEown|Cameron Park|Sharon Taylor|Tamlyn Tomita|Garwin Sanford</GuestStars>
  <IMDB_ID></IMDB_ID>
  <Language>en</Language>
  <Overview>A man bursts into flames. Elsewhere, Carter and Deacon are reaccustoming to the timeline restored in &quot;Once in a Lifetime.&quot;</Overview>
  <ProductionCode>201</ProductionCode>
  <Rating>7.4</Rating>
  <RatingCount>37</RatingCount>
  <SeasonNumber>2</SeasonNumber>
  <Writer>Jaime Paglia</Writer>
  <absolute_number></absolute_number>
  <filename>episodes/79334/330050.jpg</filename>
  <lastupdated>1265923593</lastupdated>
  <seasonid>27652</seasonid>
  <seriesid>79334</seriesid>
</Episode>
<Episode>
  <id>330051</id>
  <Combined_episodenumber>2</Combined_episodenumber>
  <Combined_season>2</Combined_season>
  <DVD_chapter></DVD_chapter>
  <DVD_discid></DVD_discid>
  <DVD_episodenumber></DVD_episodenumber>
  <DVD_season></DVD_season>
  <Director>Michael Nankin</Director>
  <EpImgFlag>2</EpImgFlag>
  <EpisodeName>Try, Try Again</EpisodeName>
  <EpisodeNumber>2</EpisodeNumber>
  <FirstAired>2007-07-17</FirstAired>
  <GuestStars>Vincent Gale|Barclay Hope|Don Thompson|Richard Arndt|Tyronne L'Hirondelle</GuestStars>
  <IMDB_ID></IMDB_ID>
  <Language>en</Language>
  <Overview>Carter requests Stark's help after Fargo accidentally activates a personal force field, which causes mayhem.</Overview>
  <ProductionCode>202</ProductionCode>
  <Rating>7.5</Rating>
  <RatingCount>39</RatingCount>
  <SeasonNumber>2</SeasonNumber>
  <Writer>Charlie Craig</Writer>
  <absolute_number></absolute_number>
  <filename>episodes/79334/330051.jpg</filename>
  <lastupdated>1277983596</lastupdated>
  <seasonid>27652</seasonid>
  <seriesid>79334</seriesid>
</Episode>
<Episode>
  <id>330052</id>
  <Combined_episodenumber>3</Combined_episodenumber>
  <Combined_season>2</Combined_season>
  <DVD_chapter></DVD_chapter>
  <DVD_discid></DVD_discid>
  <DVD_episodenumber></DVD_episodenumber>
  <DVD_season></DVD_season>
  <Director>Robert Lieberman</Director>
  <EpImgFlag>2</EpImgFlag>
  <EpisodeName>Unpredictable</EpisodeName>
  <EpisodeNumber>3</EpisodeNumber>
  <FirstAired>2007-07-24</FirstAired>
  <GuestStars>David Nykl|Stefanie von Pfetten|Olivia d'Abo|Patrick Gilmore|Max Fomitchev|Bryan Wilson|Keith Wilson|Aleksandra Rae</GuestStars>
  <IMDB_ID></IMDB_ID>
  <Language>en</Language>
  <Overview>An isolated deep freeze trigger causes a chain reaction of sudden weather changes in Eureka.</Overview>
  <ProductionCode>203</ProductionCode>
  <Rating>7.5</Rating>
  <RatingCount>40</RatingCount>
  <SeasonNumber>2</SeasonNumber>
  <Writer>Thania St. John</Writer>
  <absolute_number></absolute_number>
  <filename>episodes/79334/330052.jpg</filename>
  <lastupdated>1265923663</lastupdated>
  <seasonid>27652</seasonid>
  <seriesid>79334</seriesid>
</Episode>
<Episode>
  <id>330053</id>
  <Combined_episodenumber>4</Combined_episodenumber>
  <Combined_season>2</Combined_season>
  <DVD_chapter></DVD_chapter>
  <DVD_discid></DVD_discid>
  <DVD_episodenumber></DVD_episodenumber>
  <DVD_season></DVD_season>
  <Director>Mike Rohl</Director>
  <EpImgFlag>2</EpImgFlag>
  <EpisodeName>Games People Play</EpisodeName>
  <EpisodeNumber>4</EpisodeNumber>
  <FirstAired>2007-07-31</FirstAired>
  <GuestStars>Olivia d'Abo|Syn Narula|Ed Hong-Louie|Michael Kopsa|Sharon Taylor|Cameron Park</GuestStars>
  <IMDB_ID></IMDB_ID>
  <Language>en</Language>
  <Overview>After receiving a hit to the head, Carter finds that he is in a parallel Eureka. He discovers that the residents of the parallel Eureka are disappearing.</Overview>
  <ProductionCode>204</ProductionCode>
  <Rating>7.7</Rating>
  <RatingCount>37</RatingCount>
  <SeasonNumber>2</SeasonNumber>
  <Writer>Johanna Stokes</Writer>
  <absolute_number></absolute_number>
  <filename>episodes/79334/330053.jpg</filename>
  <lastupdated>1265923695</lastupdated>
  <seasonid>27652</seasonid>
  <seriesid>79334</seriesid>
</Episode>
<Episode>
  <id>333186</id>
  <Combined_episodenumber>5</Combined_episodenumber>
  <Combined_season>2</Combined_season>
  <DVD_chapter></DVD_chapter>
  <DVD_discid></DVD_discid>
  <DVD_episodenumber></DVD_episodenumber>
  <DVD_season></DVD_season>
  <Director>Michael Lange</Director>
  <EpImgFlag>2</EpImgFlag>
  <EpisodeName>Duck, Duck Goose</EpisodeName>
  <EpisodeNumber>5</EpisodeNumber>
  <FirstAired>2007-08-07</FirstAired>
  <GuestStars>Karissa Tynes|Brenda Crichlow|Matreya Fedor|Anna Galvin|Elise Gatien|David Lewis|Jordan Asch</GuestStars>
  <IMDB_ID></IMDB_ID>
  <Language>en</Language>
  <Overview>Space debris threatens Eureka's existence after it accumulates into a large cloud. Carter investigates in an effort to avert potential disaster.</Overview>
  <ProductionCode>205</ProductionCode>
  <Rating>7.7</Rating>
  <RatingCount>33</RatingCount>
  <SeasonNumber>2</SeasonNumber>
  <Writer>Ethan Lawrence</Writer>
  <absolute_number></absolute_number>
  <filename>episodes/79334/333186.jpg</filename>
  <lastupdated>1265923728</lastupdated>
  <seasonid>27652</seasonid>
  <seriesid>79334</seriesid>
</Episode>
<Episode>
  <id>333187</id>
  <Combined_episodenumber>6</Combined_episodenumber>
  <Combined_season>2</Combined_season>
  <DVD_chapter></DVD_chapter>
  <DVD_discid></DVD_discid>
  <DVD_episodenumber></DVD_episodenumber>
  <DVD_season></DVD_season>
  <Director>Eric Laneuville</Director>
  <EpImgFlag>2</EpImgFlag>
  <EpisodeName>Noche de Sueños</EpisodeName>
  <EpisodeNumber>6</EpisodeNumber>
  <FirstAired>2007-08-14</FirstAired>
  <GuestStars>James Ashcroft|Michael Bean|Lossen Chambers|Martin Christopher|Daniel Boileau|Tanya Champoux|Laura Jaszcz|Nancy J. Lilley|Mary Alison Raine|Donna Yamamoto|Adrienne Carter|Fulvio Cecere|Colin Cunningham|Carmen Moore</GuestStars>
  <IMDB_ID></IMDB_ID>
  <Language>en</Language>
  <Overview>A toxic spill seems to cause Eureka's residents to share their dreams. Initially the situation is amusing, but turns dire after the dream sharing is discovered to have a lethal attribute. The situation becomes more complicated, when Carter finds out that the spill is not the cause.</Overview>
  <ProductionCode>206</ProductionCode>
  <Rating>7.8</Rating>
  <RatingCount>32</RatingCount>
  <SeasonNumber>2</SeasonNumber>
  <Writer>Jaime Paglia</Writer>
  <absolute_number></absolute_number>
  <filename>episodes/79334/333187.jpg</filename>
  <lastupdated>1265923818</lastupdated>
  <seasonid>27652</seasonid>
  <seriesid>79334</seriesid>
</Episode>
<Episode>
  <id>333188</id>
  <Combined_episodenumber>7</Combined_episodenumber>
  <Combined_season>2</Combined_season>
  <DVD_chapter></DVD_chapter>
  <DVD_discid></DVD_discid>
  <DVD_episodenumber></DVD_episodenumber>
  <DVD_season></DVD_season>
  <Director>Michael Lange</Director>
  <EpImgFlag>2</EpImgFlag>
  <EpisodeName>Family Reunion</EpisodeName>
  <EpisodeNumber>7</EpisodeNumber>
  <FirstAired>2007-08-21</FirstAired>
  <GuestStars>Tygh Runyan|Scott Hylands|Christopher Jacot|Terence Kelly|Deirdre Blades|Jerry Springer|Martin Christopher|Kevin O'Grady</GuestStars>
  <IMDB_ID></IMDB_ID>
  <Language>en</Language>
  <Overview>A man who turns out to be Fargo's grandfather has been cryogenically frozen for 50 years. He is awakened from his slumber by accident with no recollection of how he was frozen. In addition to that, it seems that he is the father of lots of technologies at Eureka.</Overview>
  <ProductionCode>207</ProductionCode>
  <Rating>7.5</Rating>
  <RatingCount>31</RatingCount>
  <SeasonNumber>2</SeasonNumber>
  <Writer>Jaime Paglia</Writer>
  <absolute_number></absolute_number>
  <filename>episodes/79334/333188.jpg</filename>
  <lastupdated>1265923846</lastupdated>
  <seasonid>27652</seasonid>
  <seriesid>79334</seriesid>
</Episode>
<Episode>
  <id>333189</id>
  <Combined_episodenumber>8</Combined_episodenumber>
  <Combined_season>2</Combined_season>
  <DVD_chapter></DVD_chapter>
  <DVD_discid></DVD_discid>
  <DVD_episodenumber></DVD_episodenumber>
  <DVD_season></DVD_season>
  <Director>Tim Matheson</Director>
  <EpImgFlag>2</EpImgFlag>
  <EpisodeName>E=MC...?</EpisodeName>
  <EpisodeNumber>8</EpisodeNumber>
  <FirstAired>2007-08-28</FirstAired>
  <GuestStars>Sarah Hayward|Rob Hayter|Niall Matter|Allison Hossack|Bill Mondy|Gabrielle Rose|Michael Brock|Paul Herbert|Patrick Keating|Dave Leach|Stephen Park|Storma Sire|Myfanwy Meilen</GuestStars>
  <IMDB_ID></IMDB_ID>
  <Language>en</Language>
  <Overview>An experiment about the big bang theory seems to be the cause for Eureka's finest to become dumber and dumber, including everyone involved in the experiment. When it comes to the verge of destroying Global Dynamics, the fate of the town lies in the hands of Jack Carter and the team of scientists he assembles, amongst them the newest member of the town, an anti-social genius.</Overview>
  <ProductionCode>208</ProductionCode>
  <Rating>7.8</Rating>
  <RatingCount>28</RatingCount>
  <SeasonNumber>2</SeasonNumber>
  <Writer>Bruce Miller</Writer>
  <absolute_number></absolute_number>
  <filename>episodes/79334/333189.jpg</filename>
  <lastupdated>1265923884</lastupdated>
  <seasonid>27652</seasonid>
  <seriesid>79334</seriesid>
</Episode>
<Episode>
  <id>333190</id>
  <Combined_episodenumber>9</Combined_episodenumber>
  <Combined_season>2</Combined_season>
  <DVD_chapter></DVD_chapter>
  <DVD_discid></DVD_discid>
  <DVD_episodenumber></DVD_episodenumber>
  <DVD_season></DVD_season>
  <Director>Donna Deitch</Director>
  <EpImgFlag>2</EpImgFlag>
  <EpisodeName>Sight Unseen</EpisodeName>
  <EpisodeNumber>9</EpisodeNumber>
  <FirstAired>2007-09-04</FirstAired>
  <GuestStars>Neil Grayston|Sonja Bennett|Vanya Asher|Michael Brock</GuestStars>
  <IMDB_ID></IMDB_ID>
  <Language>en</Language>
  <Overview>Strange happenings and spreading radiation at Global Dynamics lead to speculations that an abandoned research project concerning invisibility might have been revived. When Sheriff Carter accidentally becomes involved, the effects of invisibility threaten his life. </Overview>
  <ProductionCode>209</ProductionCode>
  <Rating>7.8</Rating>
  <RatingCount>33</RatingCount>
  <SeasonNumber>2</SeasonNumber>
  <Writer>Charlie Craig|Thania St. John</Writer>
  <absolute_number></absolute_number>
  <filename>episodes/79334/333190.jpg</filename>
  <lastupdated>1265923908</lastupdated>
  <seasonid>27652</seasonid>
  <seriesid>79334</seriesid>
</Episode>
<Episode>
  <id>333191</id>
  <Combined_episodenumber>10</Combined_episodenumber>
  <Combined_season>2</Combined_season>
  <DVD_chapter></DVD_chapter>
  <DVD_discid></DVD_discid>
  <DVD_episodenumber></DVD_episodenumber>
  <DVD_season></DVD_season>
  <Director>Mike Rohl</Director>
  <EpImgFlag>2</EpImgFlag>
  <EpisodeName>God is in the Details</EpisodeName>
  <EpisodeNumber>10</EpisodeNumber>
  <FirstAired>2007-09-11</FirstAired>
  <GuestStars>Teryl Rothery|Niall Matter|Adrienne Carter|Christopher Jacot|Alan Legros|Barbara Eve Harris|Dorla Bell|Anna Cummer|Alison Araya|Nhi Do</GuestStars>
  <IMDB_ID></IMDB_ID>
  <Language>en</Language>
  <Overview>Zoe and her friends lose their voices, but whatever is causing the symptoms has an even worse effect on Allison and her only hope comes from an unusual source.</Overview>
  <ProductionCode>210</ProductionCode>
  <Rating>7.2</Rating>
  <RatingCount>29</RatingCount>
  <SeasonNumber>2</SeasonNumber>
  <Writer>Eric Wallace</Writer>
  <absolute_number></absolute_number>
  <filename>episodes/79334/333191.jpg</filename>
  <lastupdated>1265923934</lastupdated>
  <seasonid>27652</seasonid>
  <seriesid>79334</seriesid>
</Episode>
<Episode>
  <id>333192</id>
  <Combined_episodenumber>11</Combined_episodenumber>
  <Combined_season>2</Combined_season>
  <DVD_chapter></DVD_chapter>
  <DVD_discid></DVD_discid>
  <DVD_episodenumber></DVD_episodenumber>
  <DVD_season></DVD_season>
  <Director>Michael Robison</Director>
  <EpImgFlag>2</EpImgFlag>
  <EpisodeName>Maneater</EpisodeName>
  <EpisodeNumber>11</EpisodeNumber>
  <FirstAired>2007-09-18</FirstAired>
  <GuestStars>Sonja Bennett|Niall Matter|Lexa Doig|Richard Ian Cox|Eileen Barrett|Maria Luisa Cianni|Eric Hui</GuestStars>
  <IMDB_ID></IMDB_ID>
  <Language>en</Language>
  <Overview>Eureka's air-conditioning system develops a fault, causing sexually tense situations, when the female residents suddenly become attracted to Carter due to bacteria.</Overview>
  <ProductionCode>211</ProductionCode>
  <Rating>7.7</Rating>
  <RatingCount>31</RatingCount>
  <SeasonNumber>2</SeasonNumber>
  <Writer>Bruce Miller</Writer>
  <absolute_number></absolute_number>
  <filename>episodes/79334/333192.jpg</filename>
  <lastupdated>1265923961</lastupdated>
  <seasonid>27652</seasonid>
  <seriesid>79334</seriesid>
</Episode>
<Episode>
  <id>333193</id>
  <Combined_episodenumber>12</Combined_episodenumber>
  <Combined_season>2</Combined_season>
  <DVD_chapter></DVD_chapter>
  <DVD_discid></DVD_discid>
  <DVD_episodenumber></DVD_episodenumber>
  <DVD_season></DVD_season>
  <Director>Michael Grossman</Director>
  <EpImgFlag>2</EpImgFlag>
  <EpisodeName>All That Glitters</EpisodeName>
  <EpisodeNumber>12</EpisodeNumber>
  <FirstAired>2007-09-25</FirstAired>
  <GuestStars>Michael Shanks|Steve Makaj|Sonja Bennett|Niall Matter|Vanya Asher|Daniel Pepper</GuestStars>
  <IMDB_ID></IMDB_ID>
  <Language>en</Language>
  <Overview>The town along with its residents mysteriously start to deconstruct. The prime suspect is an artist who couldn't get along with Stark when he was working at Global Dynamics.</Overview>
  <ProductionCode>212</ProductionCode>
  <Rating>7.6</Rating>
  <RatingCount>28</RatingCount>
  <SeasonNumber>2</SeasonNumber>
  <Writer>Thania St. John</Writer>
  <absolute_number></absolute_number>
  <filename>episodes/79334/333193.jpg</filename>
  <lastupdated>1265923988</lastupdated>
  <seasonid>27652</seasonid>
  <seriesid>79334</seriesid>
</Episode>
<Episode>
  <id>334847</id>
  <Combined_episodenumber>13</Combined_episodenumber>
  <Combined_season>2</Combined_season>
  <DVD_chapter></DVD_chapter>
  <DVD_discid></DVD_discid>
  <DVD_episodenumber></DVD_episodenumber>
  <DVD_season></DVD_season>
  <Director>Michael Lange</Director>
  <EpImgFlag>2</EpImgFlag>
  <EpisodeName>A Night at Global Dynamics</EpisodeName>
  <EpisodeNumber>13</EpisodeNumber>
  <FirstAired>2007-10-02</FirstAired>
  <GuestStars>Vanya Asher|Niall Matter|Barclay Hope|Sean Millington</GuestStars>
  <IMDB_ID></IMDB_ID>
  <Language>en</Language>
  <Overview>Carter and Stark must work together as an aggressive virus is sweeping across Eureka, while Kevin's life is in danger.</Overview>
  <ProductionCode>213</ProductionCode>
  <Rating>7.7</Rating>
  <RatingCount>29</RatingCount>
  <SeasonNumber>2</SeasonNumber>
  <Writer>Jaime Paglia</Writer>
  <absolute_number></absolute_number>
  <filename>episodes/79334/334847.jpg</filename>
  <lastupdated>1271584941</lastupdated>
  <seasonid>27652</seasonid>
  <seriesid>79334</seriesid>
</Episode>
<Episode>
  <id>374722</id>
  <Combined_episodenumber>1</Combined_episodenumber>
  <Combined_season>3</Combined_season>
  <DVD_chapter></DVD_chapter>
  <DVD_discid></DVD_discid>
  <DVD_episodenumber></DVD_episodenumber>
  <DVD_season></DVD_season>
  <Director>Bryan Spicer</Director>
  <EpImgFlag>2</EpImgFlag>
  <EpisodeName>Bad to the Drone</EpisodeName>
  <EpisodeNumber>1</EpisodeNumber>
  <FirstAired>2008-07-29</FirstAired>
  <GuestStars>Barclay Hope|Kirsten Robek|Jonathon Young</GuestStars>
  <IMDB_ID></IMDB_ID>
  <Language>en</Language>
  <Overview>Eureka is threatened by an intelligent drone with &quot;issues&quot; after an anti-missile test. Meanwhile, Eva Thorne, nicknamed &quot;The Fixer&quot; after dismantling and rebuilding several corporations, arrives in Eureka to evaluate Global Dynamics' expenditures.</Overview>
  <ProductionCode>301</ProductionCode>
  <Rating>7.4</Rating>
  <RatingCount>43</RatingCount>
  <SeasonNumber>3</SeasonNumber>
  <Writer>Jaime Paglia</Writer>
  <absolute_number></absolute_number>
  <filename>episodes/79334/374722.jpg</filename>
  <lastupdated>1290389207</lastupdated>
  <seasonid>33581</seasonid>
  <seriesid>79334</seriesid>
</Episode>
<Episode>
  <id>374723</id>
  <Combined_episodenumber>2</Combined_episodenumber>
  <Combined_season>3</Combined_season>
  <DVD_chapter></DVD_chapter>
  <DVD_discid></DVD_discid>
  <DVD_episodenumber></DVD_episodenumber>
  <DVD_season></DVD_season>
  <Director>Fred Gerber</Director>
  <EpImgFlag>2</EpImgFlag>
  <EpisodeName>What About Bob?</EpisodeName>
  <EpisodeNumber>2</EpisodeNumber>
  <FirstAired>2008-08-05</FirstAired>
  <GuestStars>Malcolm Stewart|Neil Schell|Patricia Harras|Richard Kahan|Woody Jeffreys|Jaclyn Smith|Vanya Asher|Elysia Rotaru</GuestStars>
  <IMDB_ID></IMDB_ID>
  <Language>en</Language>
  <Overview>Sheriff Carter and Allison investigate the disappearance of a scientist from a sealed biosphere. Meanwhile, &quot;The Fixer&quot; attempts to make Eureka's ventures more profitable.</Overview>
  <ProductionCode>302</ProductionCode>
  <Rating>7.7</Rating>
  <RatingCount>44</RatingCount>
  <SeasonNumber>3</SeasonNumber>
  <Writer>Charlie Craig</Writer>
  <absolute_number></absolute_number>
  <filename>episodes/79334/374723.jpg</filename>
  <lastupdated>1272017690</lastupdated>
  <seasonid>33581</seasonid>
  <seriesid>79334</seriesid>
</Episode>
<Episode>
  <id>374724</id>
  <Combined_episodenumber>3</Combined_episodenumber>
  <Combined_season>3</Combined_season>
  <DVD_chapter></DVD_chapter>
  <DVD_discid></DVD_discid>
  <DVD_episodenumber></DVD_episodenumber>
  <DVD_season></DVD_season>
  <Director>Paul Holohan</Director>
  <EpImgFlag>2</EpImgFlag>
  <EpisodeName>Best in Faux</EpisodeName>
  <EpisodeNumber>3</EpisodeNumber>
  <FirstAired>2008-08-12</FirstAired>
  <GuestStars>Holly Dignard|Shawn MacDonald|Kayla Deorksen|Alan Ruck|Lexa Doig|Gabrielle Rose</GuestStars>
  <IMDB_ID></IMDB_ID>
  <Language>en</Language>
  <Overview>The town's annual dog show gets into full swing complete with exploding robotic canines. Meanwhile, Sheriff Carter experiences an isolated earthquake, Zoe contemplates quitting the accelerated physics program, and Allison starts fitting her wedding dress.</Overview>
  <ProductionCode>303</ProductionCode>
  <Rating>7.5</Rating>
  <RatingCount>39</RatingCount>
  <SeasonNumber>3</SeasonNumber>
  <Writer>Bruce Miller</Writer>
  <absolute_number></absolute_number>
  <filename>episodes/79334/374724.jpg</filename>
  <lastupdated>1271261409</lastupdated>
  <seasonid>33581</seasonid>
  <seriesid>79334</seriesid>
</Episode>
<Episode>
  <id>374725</id>
  <Combined_episodenumber>4</Combined_episodenumber>
  <Combined_season>3</Combined_season>
  <DVD_chapter></DVD_chapter>
  <DVD_discid></DVD_discid>
  <DVD_episodenumber></DVD_episodenumber>
  <DVD_season></DVD_season>
  <Director>Matt Earl Beesley</Director>
  <EpImgFlag>2</EpImgFlag>
  <EpisodeName>I Do Over</EpisodeName>
  <EpisodeNumber>4</EpisodeNumber>
  <FirstAired>2008-08-19</FirstAired>
  <GuestStars>Ever Carradine</GuestStars>
  <IMDB_ID></IMDB_ID>
  <Language>en</Language>
  <Overview>On Allison and Stark's wedding day, Sheriff Carter finds himself stuck in a time loop, causing him to experience the same lousy day over and over again. Meanwhile, Sheriff Carter's sister, Lexi visits Eureka.</Overview>
  <ProductionCode>304</ProductionCode>
  <Rating>7.7</Rating>
  <RatingCount>46</RatingCount>
  <SeasonNumber>3</SeasonNumber>
  <Writer>Thania St. John</Writer>
  <absolute_number></absolute_number>
  <filename>episodes/79334/374725.jpg</filename>
  <lastupdated>1271261285</lastupdated>
  <seasonid>33581</seasonid>
  <seriesid>79334</seriesid>
</Episode>
<Episode>
  <id>374726</id>
  <Combined_episodenumber>5</Combined_episodenumber>
  <Combined_season>3</Combined_season>
  <DVD_chapter></DVD_chapter>
  <DVD_discid></DVD_discid>
  <DVD_episodenumber></DVD_episodenumber>
  <DVD_season></DVD_season>
  <Director>Ernest Dickerson</Director>
  <EpImgFlag>2</EpImgFlag>
  <EpisodeName>Show Me the Mummy</EpisodeName>
  <EpisodeNumber>5</EpisodeNumber>
  <FirstAired>2008-08-26</FirstAired>
  <GuestStars>Tricia Collins|Zak Santiago|Ever Carradine|Adrian Hough</GuestStars>
  <IMDB_ID></IMDB_ID>
  <Language>en</Language>
  <Overview>When an Egyptian tomb is opened at Global Dynamics, strange things start to happen, leading Fargo to believe it is the mummy's curse. The mummy, however, has disappeared, and Carter investigates.</Overview>
  <ProductionCode>305</ProductionCode>
  <Rating>7.3</Rating>
  <RatingCount>44</RatingCount>
  <SeasonNumber>3</SeasonNumber>
  <Writer>Curtis Kheel</Writer>
  <absolute_number></absolute_number>
  <filename>episodes/79334/374726.jpg</filename>
  <lastupdated>1271261432</lastupdated>
  <seasonid>33581</seasonid>
  <seriesid>79334</seriesid>
</Episode>
<Episode>
  <id>374727</id>
  <Combined_episodenumber>6</Combined_episodenumber>
  <Combined_season>3</Combined_season>
  <DVD_chapter></DVD_chapter>
  <DVD_discid></DVD_discid>
  <DVD_episodenumber></DVD_episodenumber>
  <DVD_season></DVD_season>
  <Director>Michael Robison</Director>
  <EpImgFlag>2</EpImgFlag>
  <EpisodeName>Phased and Confused</EpisodeName>
  <EpisodeNumber>6</EpisodeNumber>
  <FirstAired>2008-09-09</FirstAired>
  <GuestStars>Ever Carradine|Adrienne Carter|Kaaren de Zilva|David Mackay|Jody Racicot|Mark Hildreth</GuestStars>
  <IMDB_ID></IMDB_ID>
  <Language>en</Language>
  <Overview>A mysterious &quot;superhero&quot; who can walk through walls is causing a ruckus in Eureka. Meanwhile, Zoe and her friends become stranded with Zane Donovan in an abandoned subterranean facility.</Overview>
  <ProductionCode>306</ProductionCode>
  <Rating>7.5</Rating>
  <RatingCount>42</RatingCount>
  <SeasonNumber>3</SeasonNumber>
  <Writer>Nick Wauters</Writer>
  <absolute_number></absolute_number>
  <filename>episodes/79334/374727.jpg</filename>
  <lastupdated>1271261568</lastupdated>
  <seasonid>33581</seasonid>
  <seriesid>79334</seriesid>
</Episode>
<Episode>
  <id>374728</id>
  <Combined_episodenumber>7</Combined_episodenumber>
  <Combined_season>3</Combined_season>
  <DVD_chapter></DVD_chapter>
  <DVD_discid></DVD_discid>
  <DVD_episodenumber></DVD_episodenumber>
  <DVD_season></DVD_season>
  <Director>Oz Scott</Director>
  <EpImgFlag>2</EpImgFlag>
  <EpisodeName>Here Come the Suns</EpisodeName>
  <EpisodeNumber>7</EpisodeNumber>
  <FirstAired>2008-09-16</FirstAired>
  <GuestStars>Dean Marshall|Margot Berner</GuestStars>
  <IMDB_ID></IMDB_ID>
  <Language>en</Language>
  <Overview>The town's mayoral race is disrupted when Zoe's science partner inadvertently causes a second sun to appear over Eureka.</Overview>
  <ProductionCode>307</ProductionCode>
  <Rating>7.5</Rating>
  <RatingCount>48</RatingCount>
  <SeasonNumber>3</SeasonNumber>
  <Writer>Jaime Paglia|Eric Wallace</Writer>
  <absolute_number></absolute_number>
  <filename>episodes/79334/374728.jpg</filename>
  <lastupdated>1280857633</lastupdated>
  <seasonid>33581</seasonid>
  <seriesid>79334</seriesid>
</Episode>
<Episode>
  <id>374826</id>
  <Combined_episodenumber>8</Combined_episodenumber>
  <Combined_season>3</Combined_season>
  <DVD_chapter></DVD_chapter>
  <DVD_discid></DVD_discid>
  <DVD_episodenumber></DVD_episodenumber>
  <DVD_season></DVD_season>
  <Director>Eric Laneuville</Director>
  <EpImgFlag>2</EpImgFlag>
  <EpisodeName>From Fear to Eternity</EpisodeName>
  <EpisodeNumber>8</EpisodeNumber>
  <FirstAired>2008-09-23</FirstAired>
  <GuestStars>David Richmond-Peck|Julius Chapple|Barclay Hope|Bridget Hoffman</GuestStars>
  <IMDB_ID></IMDB_ID>
  <Language>en</Language>
  <Overview>When a potentially world-altering scientific discovery from Eureka's past finally comes to light, can anyone be trusted with it? The question is far from rhetorical for Carter: Zoe's life is in immediate danger and Eva Thorne knows why.</Overview>
  <ProductionCode></ProductionCode>
  <Rating>7.4</Rating>
  <RatingCount>44</RatingCount>
  <SeasonNumber>3</SeasonNumber>
  <Writer>Thania St. John</Writer>
  <absolute_number></absolute_number>
  <filename>episodes/79334/374826.jpg</filename>
  <lastupdated>1300799544</lastupdated>
  <seasonid>33581</seasonid>
  <seriesid>79334</seriesid>
</Episode>
<Episode>
  <id>639601</id>
  <Combined_episodenumber>9</Combined_episodenumber>
  <Combined_season>3</Combined_season>
  <DVD_chapter></DVD_chapter>
  <DVD_discid></DVD_discid>
  <DVD_episodenumber></DVD_episodenumber>
  <DVD_season></DVD_season>
  <Director>Matthew Diamond</Director>
  <EpImgFlag>2</EpImgFlag>
  <EpisodeName>Welcome Back Carter</EpisodeName>
  <EpisodeNumber>9</EpisodeNumber>
  <FirstAired>2009-07-10</FirstAired>
  <GuestStars></GuestStars>
  <IMDB_ID>tt1232281</IMDB_ID>
  <Language>en</Language>
  <Overview>A new sheriff arrives in Eureka that turns out to be a robot that can change into human form (with mixed results). The town really needs the new sheriff as the town's gravity seems to be acting up. </Overview>
  <ProductionCode></ProductionCode>
  <Rating>7.8</Rating>
  <RatingCount>48</RatingCount>
  <SeasonNumber>3</SeasonNumber>
  <Writer>Bruce Miller</Writer>
  <absolute_number></absolute_number>
  <filename>episodes/79334/639601.jpg</filename>
  <lastupdated>1300799745</lastupdated>
  <seasonid>33581</seasonid>
  <seriesid>79334</seriesid>
</Episode>
<Episode>
  <id>717431</id>
  <Combined_episodenumber>10</Combined_episodenumber>
  <Combined_season>3</Combined_season>
  <DVD_chapter></DVD_chapter>
  <DVD_discid></DVD_discid>
  <DVD_episodenumber></DVD_episodenumber>
  <DVD_season></DVD_season>
  <Director>Colin Ferguson</Director>
  <EpImgFlag>2</EpImgFlag>
  <EpisodeName>Your Face or Mine?</EpisodeName>
  <EpisodeNumber>10</EpisodeNumber>
  <FirstAired>2009-07-17</FirstAired>
  <GuestStars></GuestStars>
  <IMDB_ID></IMDB_ID>
  <Language>en</Language>
  <Overview>Deputy Lupo stands in as the acting sheriff while Carter undergoes his annual physical, but she's not acting like herself.</Overview>
  <ProductionCode></ProductionCode>
  <Rating>7.7</Rating>
  <RatingCount>56</RatingCount>
  <SeasonNumber>3</SeasonNumber>
  <Writer>Jaime Paglia</Writer>
  <absolute_number>35</absolute_number>
  <filename>episodes/79334/717431.jpg</filename>
  <lastupdated>1300800002</lastupdated>
  <seasonid>33581</seasonid>
  <seriesid>79334</seriesid>
</Episode>
<Episode>
  <id>717441</id>
  <Combined_episodenumber>11</Combined_episodenumber>
  <Combined_season>3</Combined_season>
  <DVD_chapter></DVD_chapter>
  <DVD_discid></DVD_discid>
  <DVD_episodenumber></DVD_episodenumber>
  <DVD_season></DVD_season>
  <Director>Steve Miner</Director>
  <EpImgFlag>2</EpImgFlag>
  <EpisodeName>Insane in the P-Brane</EpisodeName>
  <EpisodeNumber>11</EpisodeNumber>
  <FirstAired>2009-07-24</FirstAired>
  <GuestStars>Jaime Ray Newman</GuestStars>
  <IMDB_ID></IMDB_ID>
  <Language>en</Language>
  <Overview>Tess Fontana (Jaime Ray Newman) shakes things up in Carter’s world when she’s brought in by Allison to re-open Section Five.</Overview>
  <ProductionCode></ProductionCode>
  <Rating>7.8</Rating>
  <RatingCount>51</RatingCount>
  <SeasonNumber>3</SeasonNumber>
  <Writer>Thania St. John</Writer>
  <absolute_number>36</absolute_number>
  <filename>episodes/79334/717441.jpg</filename>
  <lastupdated>1290389377</lastupdated>
  <seasonid>33581</seasonid>
  <seriesid>79334</seriesid>
</Episode>
<Episode>
  <id>717451</id>
  <Combined_episodenumber>12</Combined_episodenumber>
  <Combined_season>3</Combined_season>
  <DVD_chapter></DVD_chapter>
  <DVD_discid></DVD_discid>
  <DVD_episodenumber></DVD_episodenumber>
  <DVD_season></DVD_season>
  <Director>Sarah Pia Anderson</Director>
  <EpImgFlag>2</EpImgFlag>
  <EpisodeName>It Ain't Easy Being Green</EpisodeName>
  <EpisodeNumber>12</EpisodeNumber>
  <FirstAired>2009-07-31</FirstAired>
  <GuestStars></GuestStars>
  <IMDB_ID></IMDB_ID>
  <Language>en</Language>
  <Overview>A bowling tournament brings a rival science team from Area 51 to town, leaving Carter investigating practical jokes that escalate in scope and destruction as the competition progresses.</Overview>
  <ProductionCode></ProductionCode>
  <Rating>7.6</Rating>
  <RatingCount>48</RatingCount>
  <SeasonNumber>3</SeasonNumber>
  <Writer>Curtis Kheel</Writer>
  <absolute_number>37</absolute_number>
  <filename>episodes/79334/717451.jpg</filename>
  <lastupdated>1300801235</lastupdated>
  <seasonid>33581</seasonid>
  <seriesid>79334</seriesid>
</Episode>
<Episode>
  <id>717461</id>
  <Combined_episodenumber>13</Combined_episodenumber>
  <Combined_season>3</Combined_season>
  <DVD_chapter></DVD_chapter>
  <DVD_discid></DVD_discid>
  <DVD_episodenumber></DVD_episodenumber>
  <DVD_season></DVD_season>
  <Director>Mike Rohl</Director>
  <EpImgFlag>2</EpImgFlag>
  <EpisodeName>If You Build It...</EpisodeName>
  <EpisodeNumber>13</EpisodeNumber>
  <FirstAired>2009-08-07</FirstAired>
  <GuestStars></GuestStars>
  <IMDB_ID></IMDB_ID>
  <Language>en</Language>
  <Overview>Teenagers construct an odd building in a Eureka field while asleep. </Overview>
  <ProductionCode></ProductionCode>
  <Rating>7.6</Rating>
  <RatingCount>55</RatingCount>
  <SeasonNumber>3</SeasonNumber>
  <Writer>Bruce Miller</Writer>
  <absolute_number>38</absolute_number>
  <filename>episodes/79334/717461.jpg</filename>
  <lastupdated>1280853207</lastupdated>
  <seasonid>33581</seasonid>
  <seriesid>79334</seriesid>
</Episode>
<Episode>
  <id>717471</id>
  <Combined_episodenumber>14</Combined_episodenumber>
  <Combined_season>3</Combined_season>
  <DVD_chapter></DVD_chapter>
  <DVD_discid></DVD_discid>
  <DVD_episodenumber></DVD_episodenumber>
  <DVD_season></DVD_season>
  <Director>Chris Fisher</Director>
  <EpImgFlag>2</EpImgFlag>
  <EpisodeName>Ship Happens</EpisodeName>
  <EpisodeNumber>14</EpisodeNumber>
  <FirstAired>2009-08-14</FirstAired>
  <GuestStars></GuestStars>
  <IMDB_ID></IMDB_ID>
  <Language>en</Language>
  <Overview>Henry's 20-year-old project returns with more on board than it left with. </Overview>
  <ProductionCode></ProductionCode>
  <Rating>7.7</Rating>
  <RatingCount>47</RatingCount>
  <SeasonNumber>3</SeasonNumber>
  <Writer>Charlie Craig</Writer>
  <absolute_number>39</absolute_number>
  <filename>episodes/79334/717471.jpg</filename>
  <lastupdated>1300806381</lastupdated>
  <seasonid>33581</seasonid>
  <seriesid>79334</seriesid>
</Episode>
<Episode>
  <id>717481</id>
  <Combined_episodenumber>15</Combined_episodenumber>
  <Combined_season>3</Combined_season>
  <DVD_chapter></DVD_chapter>
  <DVD_discid></DVD_discid>
  <DVD_episodenumber></DVD_episodenumber>
  <DVD_season></DVD_season>
  <Director>Stephen Surjik</Director>
  <EpImgFlag>2</EpImgFlag>
  <EpisodeName>Shower the People</EpisodeName>
  <EpisodeNumber>15</EpisodeNumber>
  <FirstAired>2009-08-21</FirstAired>
  <GuestStars></GuestStars>
  <IMDB_ID></IMDB_ID>
  <Language>en</Language>
  <Overview>Jack investigates the deaths of scientists who drowned in less than liquid circumstances. Meanwhile, Allison's baby shower goes green.</Overview>
  <ProductionCode></ProductionCode>
  <Rating>7.5</Rating>
  <RatingCount>47</RatingCount>
  <SeasonNumber>3</SeasonNumber>
  <Writer>Thania St. John</Writer>
  <absolute_number>40</absolute_number>
  <filename>episodes/79334/717481.jpg</filename>
  <lastupdated>1300820135</lastupdated>
  <seasonid>33581</seasonid>
  <seriesid>79334</seriesid>
</Episode>
<Episode>
  <id>717491</id>
  <Combined_episodenumber>16</Combined_episodenumber>
  <Combined_season>3</Combined_season>
  <DVD_chapter></DVD_chapter>
  <DVD_discid></DVD_discid>
  <DVD_episodenumber></DVD_episodenumber>
  <DVD_season></DVD_season>
  <Director>James Head</Director>
  <EpImgFlag>2</EpImgFlag>
  <EpisodeName>You Don't Know Jack</EpisodeName>
  <EpisodeNumber>16</EpisodeNumber>
  <FirstAired>2009-08-28</FirstAired>
  <GuestStars></GuestStars>
  <IMDB_ID></IMDB_ID>
  <Language>en</Language>
  <Overview>It's a busy day for Global Dynamics and Eureka as Allison's labor begins during a sonic cleaning of the company, and the townspeople exhibit Alzheimer's disease at the same time.</Overview>
  <ProductionCode></ProductionCode>
  <Rating>6.6</Rating>
  <RatingCount>49</RatingCount>
  <SeasonNumber>3</SeasonNumber>
  <Writer>Eric Wallace</Writer>
  <absolute_number>41</absolute_number>
  <filename>episodes/79334/717491.jpg</filename>
  <lastupdated>1300888913</lastupdated>
  <seasonid>33581</seasonid>
  <seriesid>79334</seriesid>
</Episode>
<Episode>
  <id>717501</id>
  <Combined_episodenumber>17</Combined_episodenumber>
  <Combined_season>3</Combined_season>
  <DVD_chapter></DVD_chapter>
  <DVD_discid></DVD_discid>
  <DVD_episodenumber></DVD_episodenumber>
  <DVD_season></DVD_season>
  <Director>Joe Morton</Director>
  <EpImgFlag>2</EpImgFlag>
  <EpisodeName>Have an Ice Day</EpisodeName>
  <EpisodeNumber>17</EpisodeNumber>
  <FirstAired>2009-09-11</FirstAired>
  <GuestStars></GuestStars>
  <IMDB_ID></IMDB_ID>
  <Language>en</Language>
  <Overview>Tess hopes her first day in charge of Global will be uneventful; the arrival of an Arctic ice core brings a new Ice Age to Eureka </Overview>
  <ProductionCode></ProductionCode>
  <Rating>7.5</Rating>
  <RatingCount>52</RatingCount>
  <SeasonNumber>3</SeasonNumber>
  <Writer>Joan Binder Weiss|Constance M. Burge|Bruce Miller|Charlie Craig</Writer>
  <absolute_number>42</absolute_number>
  <filename>episodes/79334/717501.jpg</filename>
  <lastupdated>1300889279</lastupdated>
  <seasonid>33581</seasonid>
  <seriesid>79334</seriesid>
</Episode>
<Episode>
  <id>717511</id>
  <Combined_episodenumber>18</Combined_episodenumber>
  <Combined_season>3</Combined_season>
  <DVD_chapter></DVD_chapter>
  <DVD_discid></DVD_discid>
  <DVD_episodenumber></DVD_episodenumber>
  <DVD_season></DVD_season>
  <Director>Matt Hastings</Director>
  <EpImgFlag>2</EpImgFlag>
  <EpisodeName>What Goes Around Comes Around</EpisodeName>
  <EpisodeNumber>18</EpisodeNumber>
  <FirstAired>2009-09-18</FirstAired>
  <GuestStars></GuestStars>
  <IMDB_ID></IMDB_ID>
  <Language>en</Language>
  <Overview>Zoe prepares to leave for college. Tess receives a job offer in Australia. A magnetic disturbance hovers above Eureka. </Overview>
  <ProductionCode></ProductionCode>
  <Rating>7.3</Rating>
  <RatingCount>62</RatingCount>
  <SeasonNumber>3</SeasonNumber>
  <Writer>Jaime Paglia</Writer>
  <absolute_number>43</absolute_number>
  <filename>episodes/79334/717511.jpg</filename>
  <lastupdated>1290389332</lastupdated>
  <seasonid>33581</seasonid>
  <seriesid>79334</seriesid>
</Episode>
<Episode>
  <id>2095871</id>
  <Combined_episodenumber>1</Combined_episodenumber>
  <Combined_season>4</Combined_season>
  <DVD_chapter></DVD_chapter>
  <DVD_discid></DVD_discid>
  <DVD_episodenumber></DVD_episodenumber>
  <DVD_season></DVD_season>
  <Director>Matt Hastings</Director>
  <EpImgFlag>2</EpImgFlag>
  <EpisodeName>Founder's Day</EpisodeName>
  <EpisodeNumber>1</EpisodeNumber>
  <FirstAired>2010-07-09</FirstAired>
  <GuestStars>|James Callis|Tembi Locke|Noah Danby|Trevor Jackson (II)|Elias Toufexis|Jill Morrison|Marie West|Don Hastings|Hamza Adam|Nickolas Baric|Paul Lazenby|Eddie Frierson|</GuestStars>
  <IMDB_ID>tt1658962</IMDB_ID>
  <Language>en</Language>
  <Overview>Dr. Grant, a former resident of the town, causes serious alarm with his unexpected return. His romantic interest in Allison Blake also causes significant friction with Sheriff Jack Carter.</Overview>
  <ProductionCode></ProductionCode>
  <Rating>8.1</Rating>
  <RatingCount>87</RatingCount>
  <SeasonNumber>4</SeasonNumber>
  <Writer>Jaime Paglia</Writer>
  <absolute_number>44</absolute_number>
  <filename>episodes/79334/2095871.jpg</filename>
  <lastupdated>1302554206</lastupdated>
  <seasonid>91311</seasonid>
  <seriesid>79334</seriesid>
</Episode>
<Episode>
  <id>2440921</id>
  <Combined_episodenumber>2</Combined_episodenumber>
  <Combined_season>4</Combined_season>
  <DVD_chapter></DVD_chapter>
  <DVD_discid></DVD_discid>
  <DVD_episodenumber></DVD_episodenumber>
  <DVD_season></DVD_season>
  <Director>Michael Robinson</Director>
  <EpImgFlag>2</EpImgFlag>
  <EpisodeName>A New World</EpisodeName>
  <EpisodeNumber>2</EpisodeNumber>
  <FirstAired>2010-07-16</FirstAired>
  <GuestStars>|Ty Olsson|Stacee Copeland|Fiona Vroom|</GuestStars>
  <IMDB_ID>tt1673009</IMDB_ID>
  <Language>en</Language>
  <Overview>As the Founder's Day festivities continue, Carter and the others must accustom themselves to the new time line and how Dr. Grant fits into it. Unfortunately, re-acclimatization needs to occur on a steep learning curve.</Overview>
  <ProductionCode></ProductionCode>
  <Rating>7.6</Rating>
  <RatingCount>84</RatingCount>
  <SeasonNumber>4</SeasonNumber>
  <Writer>Bruce Miller</Writer>
  <absolute_number>45</absolute_number>
  <filename>episodes/79334/2440921.jpg</filename>
  <lastupdated>1302554248</lastupdated>
  <seasonid>91311</seasonid>
  <seriesid>79334</seriesid>
</Episode>
<Episode>
  <id>2440931</id>
  <Combined_episodenumber>3</Combined_episodenumber>
  <Combined_season>4</Combined_season>
  <DVD_chapter></DVD_chapter>
  <DVD_discid></DVD_discid>
  <DVD_episodenumber></DVD_episodenumber>
  <DVD_season></DVD_season>
  <Director>Mike Rohl</Director>
  <EpImgFlag>2</EpImgFlag>
  <EpisodeName>All the Rage</EpisodeName>
  <EpisodeNumber>3</EpisodeNumber>
  <FirstAired>2010-07-23</FirstAired>
  <GuestStars>|Ben Wilkinson|Matthew Thiessen|Kameron Louangxay|Wil Wheaton|Chad Bellamy|</GuestStars>
  <IMDB_ID>tt1667523</IMDB_ID>
  <Language>en</Language>
  <Overview>Dr. Isaac Parrish, the brilliant director of the Non-lethal Weapons Lab, is feeling a little undervalued these days. Then all his latent hostility goes viral, infecting everyone with such fury that no one is safe, especially Fargo.</Overview>
  <ProductionCode></ProductionCode>
  <Rating>7.6</Rating>
  <RatingCount>76</RatingCount>
  <SeasonNumber>4</SeasonNumber>
  <Writer>Kira Snyder</Writer>
  <absolute_number>46</absolute_number>
  <filename>episodes/79334/2440931.jpg</filename>
  <lastupdated>1302554309</lastupdated>
  <seasonid>91311</seasonid>
  <seriesid>79334</seriesid>
</Episode>
<Episode>
  <id>2440941</id>
  <Combined_episodenumber>4</Combined_episodenumber>
  <Combined_season>4</Combined_season>
  <DVD_chapter></DVD_chapter>
  <DVD_discid></DVD_discid>
  <DVD_episodenumber></DVD_episodenumber>
  <DVD_season></DVD_season>
  <Director>Colin Ferguson</Director>
  <EpImgFlag>2</EpImgFlag>
  <EpisodeName>The Story of O2</EpisodeName>
  <EpisodeNumber>4</EpisodeNumber>
  <FirstAired>2010-07-30</FirstAired>
  <GuestStars>|Kavan Smith|Keenan Tracey|Joel Semande|Christie Stainthorpe|Jamie Kennedy|Tiara Sorensen|</GuestStars>
  <IMDB_ID>tt1673010</IMDB_ID>
  <Language>en</Language>
  <Overview>As Eureka celebrates Space Week, Dr. Ramsey unveils his cutting edge invention that could allow colonization of Mars. Unfortunately, a slight malfunction may cause it to incinerate Eureka before the dream is realized. Equally bad is that Eureka's go-to guy for crisis intervention has just gone to Boston to visit his daughter at Harvard.</Overview>
  <ProductionCode></ProductionCode>
  <Rating>7.5</Rating>
  <RatingCount>71</RatingCount>
  <SeasonNumber>4</SeasonNumber>
  <Writer>Eric Tuchman|Jill Blotevogel</Writer>
  <absolute_number>47</absolute_number>
  <filename>episodes/79334/2440941.jpg</filename>
  <lastupdated>1302554433</lastupdated>
  <seasonid>91311</seasonid>
  <seriesid>79334</seriesid>
</Episode>
<Episode>
  <id>2440951</id>
  <Combined_episodenumber>5</Combined_episodenumber>
  <Combined_season>4</Combined_season>
  <DVD_chapter></DVD_chapter>
  <DVD_discid></DVD_discid>
  <DVD_episodenumber></DVD_episodenumber>
  <DVD_season></DVD_season>
  <Director>Michael Robison</Director>
  <EpImgFlag>2</EpImgFlag>
  <EpisodeName>Crossing Over</EpisodeName>
  <EpisodeNumber>5</EpisodeNumber>
  <FirstAired>2010-08-06</FirstAired>
  <GuestStars>|Allison Scagliotti|Olivia Cheng|</GuestStars>
  <IMDB_ID>tt1658963</IMDB_ID>
  <Language>en</Language>
  <Overview>Claudia Donovan visits Eureka to see if Fargo's promises of wondrous devices are true, but she finds herself in the middle of a mystery suitable for Warehouse 13 when objects begin to appear randomly around the town and GD, and it must be solved before there are deadly consequences.</Overview>
  <ProductionCode></ProductionCode>
  <Rating>7.6</Rating>
  <RatingCount>74</RatingCount>
  <SeasonNumber>4</SeasonNumber>
  <Writer>Paula Yoo</Writer>
  <absolute_number>48</absolute_number>
  <filename>episodes/79334/2440951.jpg</filename>
  <lastupdated>1302554517</lastupdated>
  <seasonid>91311</seasonid>
  <seriesid>79334</seriesid>
</Episode>
<Episode>
  <id>2457681</id>
  <Combined_episodenumber>6</Combined_episodenumber>
  <Combined_season>4</Combined_season>
  <DVD_chapter></DVD_chapter>
  <DVD_discid></DVD_discid>
  <DVD_episodenumber></DVD_episodenumber>
  <DVD_season></DVD_season>
  <Director>Mike Rohl</Director>
  <EpImgFlag>2</EpImgFlag>
  <EpisodeName>Momstrosity</EpisodeName>
  <EpisodeNumber>6</EpisodeNumber>
  <FirstAired>2010-08-13</FirstAired>
  <GuestStars>|Norm Misura|Wesley Salter|</GuestStars>
  <IMDB_ID>tt1673011</IMDB_ID>
  <Language>en</Language>
  <Overview>Carter's camping trip with Kevin becomes a little scarier than ghost stories by the camp fire when a malfunction with the AI at Global Dynamics may turn some of them deadly. Elsewhere, Henry thinks about telling Grace the truth.</Overview>
  <ProductionCode></ProductionCode>
  <Rating>7.5</Rating>
  <RatingCount>78</RatingCount>
  <SeasonNumber>4</SeasonNumber>
  <Writer>|Terri Hughes Burton|Rob Milbauer|</Writer>
  <absolute_number>49</absolute_number>
  <filename>episodes/79334/2457681.jpg</filename>
  <lastupdated>1303936014</lastupdated>
  <seasonid>91311</seasonid>
  <seriesid>79334</seriesid>
</Episode>
<Episode>
  <id>2453671</id>
  <Combined_episodenumber>7</Combined_episodenumber>
  <Combined_season>4</Combined_season>
  <DVD_chapter></DVD_chapter>
  <DVD_discid></DVD_discid>
  <DVD_episodenumber></DVD_episodenumber>
  <DVD_season></DVD_season>
  <Director>Joe Morton</Director>
  <EpImgFlag>2</EpImgFlag>
  <EpisodeName>Stoned</EpisodeName>
  <EpisodeNumber>7</EpisodeNumber>
  <FirstAired>2010-08-20</FirstAired>
  <GuestStars>|Keegan Connor Tracy|John Henry Reardon|Stephanie Belding|Dalias Blake|Jerry Rector|</GuestStars>
  <IMDB_ID></IMDB_ID>
  <Language>en</Language>
  <Overview>Love is in the air as Carter gets fed up with Grant's pursuit of Allison, Zoe conceals her love and Henry courts Grace. But all the emotions may have to be put on simmer when people in town start turning to stone.</Overview>
  <ProductionCode></ProductionCode>
  <Rating>7.6</Rating>
  <RatingCount>81</RatingCount>
  <SeasonNumber>4</SeasonNumber>
  <Writer>Eric Wallace</Writer>
  <absolute_number></absolute_number>
  <filename>episodes/79334/2453671.jpg</filename>
  <lastupdated>1302119452</lastupdated>
  <seasonid>91311</seasonid>
  <seriesid>79334</seriesid>
</Episode>
<Episode>
  <id>2483921</id>
  <Combined_episodenumber>8</Combined_episodenumber>
  <Combined_season>4</Combined_season>
  <DVD_chapter></DVD_chapter>
  <DVD_discid></DVD_discid>
  <DVD_episodenumber></DVD_episodenumber>
  <DVD_season></DVD_season>
  <Director>Chris Fisher</Director>
  <EpImgFlag>2</EpImgFlag>
  <EpisodeName>The Ex-files</EpisodeName>
  <EpisodeNumber>8</EpisodeNumber>
  <FirstAired>2010-08-27</FirstAired>
  <GuestStars>|Debrah Farentino|Ed Quinn|</GuestStars>
  <IMDB_ID></IMDB_ID>
  <Language>en</Language>
  <Overview>The gang begins seeing visions of people from their pasts, while the town seems to be collapsing around them. Meanwhile, Dr. Grant gets involved with a mysterious faction. </Overview>
  <ProductionCode></ProductionCode>
  <Rating>7.7</Rating>
  <RatingCount>81</RatingCount>
  <SeasonNumber>4</SeasonNumber>
  <Writer>Amy Berg</Writer>
  <absolute_number></absolute_number>
  <filename>episodes/79334/2483921.jpg</filename>
  <lastupdated>1302119525</lastupdated>
  <seasonid>91311</seasonid>
  <seriesid>79334</seriesid>
</Episode>
<Episode>
  <id>2685571</id>
  <Combined_episodenumber>9</Combined_episodenumber>
  <Combined_season>4</Combined_season>
  <DVD_chapter></DVD_chapter>
  <DVD_discid></DVD_discid>
  <DVD_episodenumber></DVD_episodenumber>
  <DVD_season></DVD_season>
  <Director>Michael Robison</Director>
  <EpImgFlag>2</EpImgFlag>
  <EpisodeName>I'll Be Seeing You</EpisodeName>
  <EpisodeNumber>9</EpisodeNumber>
  <FirstAired>2010-09-10</FirstAired>
  <GuestStars>|Tembi Locke|James Callis|</GuestStars>
  <IMDB_ID></IMDB_ID>
  <Language>en</Language>
  <Overview>Dr. Grant attempts to return to 1947 but when Carter intrudes, they both wind up stuck in the past under the threat of altering present-day Eureka once again. </Overview>
  <ProductionCode></ProductionCode>
  <Rating>7.7</Rating>
  <RatingCount>80</RatingCount>
  <SeasonNumber>4</SeasonNumber>
  <Writer>Jaime Paglia</Writer>
  <absolute_number></absolute_number>
  <filename>episodes/79334/2685571.jpg</filename>
  <lastupdated>1302119571</lastupdated>
  <seasonid>91311</seasonid>
  <seriesid>79334</seriesid>
</Episode>
<Episode>
  <id>2956541</id>
  <Combined_episodenumber>10</Combined_episodenumber>
  <Combined_season>4</Combined_season>
  <DVD_chapter></DVD_chapter>
  <DVD_discid></DVD_discid>
  <DVD_episodenumber></DVD_episodenumber>
  <DVD_season></DVD_season>
  <Director>Matthew Hastings</Director>
  <EpImgFlag>2</EpImgFlag>
  <EpisodeName>O Little Town</EpisodeName>
  <EpisodeNumber>10</EpisodeNumber>
  <FirstAired>2010-12-07</FirstAired>
  <GuestStars>|Chris Parnell|</GuestStars>
  <IMDB_ID></IMDB_ID>
  <Language>en</Language>
  <Overview>Carter can't get into the Christmas spirit especially with the town surrounded by a force-field. Fargo organizes the GD holiday party, and Allison is full of holiday cheer.</Overview>
  <ProductionCode></ProductionCode>
  <Rating>7.6</Rating>
  <RatingCount>64</RatingCount>
  <SeasonNumber>4</SeasonNumber>
  <Writer>Eric Tuchman</Writer>
  <absolute_number></absolute_number>
  <filename>episodes/79334/2956541.jpg</filename>
  <lastupdated>1295912432</lastupdated>
  <seasonid>91311</seasonid>
  <seriesid>79334</seriesid>
</Episode>
<Episode>
  <id>3256291</id>
  <Combined_episodenumber>11</Combined_episodenumber>
  <Combined_season>4</Combined_season>
  <DVD_chapter></DVD_chapter>
  <DVD_discid></DVD_discid>
  <DVD_episodenumber></DVD_episodenumber>
  <DVD_season></DVD_season>
  <Director></Director>
  <EpImgFlag></EpImgFlag>
  <EpisodeName>Liftoff</EpisodeName>
  <EpisodeNumber>11</EpisodeNumber>
  <FirstAired>2011-07-11</FirstAired>
  <GuestStars></GuestStars>
  <IMDB_ID></IMDB_ID>
  <Language>en</Language>
  <Overview></Overview>
  <ProductionCode></ProductionCode>
  <Rating></Rating>
  <RatingCount>0</RatingCount>
  <SeasonNumber>4</SeasonNumber>
  <Writer></Writer>
  <absolute_number></absolute_number>
  <filename></filename>
  <lastupdated>1302904485</lastupdated>
  <seasonid>91311</seasonid>
  <seriesid>79334</seriesid>
</Episode>
<Episode>
  <id>3256301</id>
  <Combined_episodenumber>12</Combined_episodenumber>
  <Combined_season>4</Combined_season>
  <DVD_chapter></DVD_chapter>
  <DVD_discid></DVD_discid>
  <DVD_episodenumber></DVD_episodenumber>
  <DVD_season></DVD_season>
  <Director></Director>
  <EpImgFlag></EpImgFlag>
  <EpisodeName>Reprise</EpisodeName>
  <EpisodeNumber>12</EpisodeNumber>
  <FirstAired></FirstAired>
  <GuestStars></GuestStars>
  <IMDB_ID></IMDB_ID>
  <Language>en</Language>
  <Overview></Overview>
  <ProductionCode></ProductionCode>
  <Rating></Rating>
  <RatingCount>0</RatingCount>
  <SeasonNumber>4</SeasonNumber>
  <Writer></Writer>
  <absolute_number></absolute_number>
  <filename></filename>
  <lastupdated>1291682468</lastupdated>
  <seasonid>91311</seasonid>
  <seriesid>79334</seriesid>
</Episode>
<Episode>
  <id>3256311</id>
  <Combined_episodenumber>13</Combined_episodenumber>
  <Combined_season>4</Combined_season>
  <DVD_chapter></DVD_chapter>
  <DVD_discid></DVD_discid>
  <DVD_episodenumber></DVD_episodenumber>
  <DVD_season></DVD_season>
  <Director></Director>
  <EpImgFlag></EpImgFlag>
  <EpisodeName>Glimpse</EpisodeName>
  <EpisodeNumber>13</EpisodeNumber>
  <FirstAired></FirstAired>
  <GuestStars></GuestStars>
  <IMDB_ID></IMDB_ID>
  <Language>en</Language>
  <Overview></Overview>
  <ProductionCode></ProductionCode>
  <Rating></Rating>
  <RatingCount>0</RatingCount>
  <SeasonNumber>4</SeasonNumber>
  <Writer></Writer>
  <absolute_number></absolute_number>
  <filename></filename>
  <lastupdated>1291682476</lastupdated>
  <seasonid>91311</seasonid>
  <seriesid>79334</seriesid>
</Episode>
<Episode>
  <id>3256321</id>
  <Combined_episodenumber>14</Combined_episodenumber>
  <Combined_season>4</Combined_season>
  <DVD_chapter></DVD_chapter>
  <DVD_discid></DVD_discid>
  <DVD_episodenumber></DVD_episodenumber>
  <DVD_season></DVD_season>
  <Director></Director>
  <EpImgFlag></EpImgFlag>
  <EpisodeName>Up in the Air</EpisodeName>
  <EpisodeNumber>14</EpisodeNumber>
  <FirstAired></FirstAired>
  <GuestStars></GuestStars>
  <IMDB_ID></IMDB_ID>
  <Language>en</Language>
  <Overview></Overview>
  <ProductionCode></ProductionCode>
  <Rating></Rating>
  <RatingCount>0</RatingCount>
  <SeasonNumber>4</SeasonNumber>
  <Writer></Writer>
  <absolute_number></absolute_number>
  <filename></filename>
  <lastupdated>1291682486</lastupdated>
  <seasonid>91311</seasonid>
  <seriesid>79334</seriesid>
</Episode>
<Episode>
  <id>2895431</id>
  <Combined_episodenumber>15</Combined_episodenumber>
  <Combined_season>4</Combined_season>
  <DVD_chapter></DVD_chapter>
  <DVD_discid></DVD_discid>
  <DVD_episodenumber></DVD_episodenumber>
  <DVD_season></DVD_season>
  <Director></Director>
  <EpImgFlag></EpImgFlag>
  <EpisodeName>Omega Girls </EpisodeName>
  <EpisodeNumber>15</EpisodeNumber>
  <FirstAired></FirstAired>
  <GuestStars></GuestStars>
  <IMDB_ID></IMDB_ID>
  <Language>en</Language>
  <Overview></Overview>
  <ProductionCode></ProductionCode>
  <Rating></Rating>
  <RatingCount>0</RatingCount>
  <SeasonNumber>4</SeasonNumber>
  <Writer></Writer>
  <absolute_number></absolute_number>
  <filename></filename>
  <lastupdated>1285689497</lastupdated>
  <seasonid>91311</seasonid>
  <seriesid>79334</seriesid>
</Episode>
<Episode>
  <id>3256331</id>
  <Combined_episodenumber>16</Combined_episodenumber>
  <Combined_season>4</Combined_season>
  <DVD_chapter></DVD_chapter>
  <DVD_discid></DVD_discid>
  <DVD_episodenumber></DVD_episodenumber>
  <DVD_season></DVD_season>
  <Director></Director>
  <EpImgFlag></EpImgFlag>
  <EpisodeName>Of Mites and Men</EpisodeName>
  <EpisodeNumber>16</EpisodeNumber>
  <FirstAired></FirstAired>
  <GuestStars></GuestStars>
  <IMDB_ID></IMDB_ID>
  <Language>en</Language>
  <Overview></Overview>
  <ProductionCode></ProductionCode>
  <Rating></Rating>
  <RatingCount>0</RatingCount>
  <SeasonNumber>4</SeasonNumber>
  <Writer></Writer>
  <absolute_number></absolute_number>
  <filename></filename>
  <lastupdated>1291682496</lastupdated>
  <seasonid>91311</seasonid>
  <seriesid>79334</seriesid>
</Episode>
<Episode>
  <id>3256351</id>
  <Combined_episodenumber>17</Combined_episodenumber>
  <Combined_season>4</Combined_season>
  <DVD_chapter></DVD_chapter>
  <DVD_discid></DVD_discid>
  <DVD_episodenumber></DVD_episodenumber>
  <DVD_season></DVD_season>
  <Director></Director>
  <EpImgFlag></EpImgFlag>
  <EpisodeName>Clash of the Titans</EpisodeName>
  <EpisodeNumber>17</EpisodeNumber>
  <FirstAired></FirstAired>
  <GuestStars></GuestStars>
  <IMDB_ID></IMDB_ID>
  <Language>en</Language>
  <Overview></Overview>
  <ProductionCode></ProductionCode>
  <Rating></Rating>
  <RatingCount>0</RatingCount>
  <SeasonNumber>4</SeasonNumber>
  <Writer></Writer>
  <absolute_number></absolute_number>
  <filename></filename>
  <lastupdated>1291682509</lastupdated>
  <seasonid>91311</seasonid>
  <seriesid>79334</seriesid>
</Episode>
<Episode>
  <id>2895421</id>
  <Combined_episodenumber>18</Combined_episodenumber>
  <Combined_season>4</Combined_season>
  <DVD_chapter></DVD_chapter>
  <DVD_discid></DVD_discid>
  <DVD_episodenumber></DVD_episodenumber>
  <DVD_season></DVD_season>
  <Director></Director>
  <EpImgFlag></EpImgFlag>
  <EpisodeName>This One Time at Space Camp...</EpisodeName>
  <EpisodeNumber>18</EpisodeNumber>
  <FirstAired></FirstAired>
  <GuestStars></GuestStars>
  <IMDB_ID></IMDB_ID>
  <Language>en</Language>
  <Overview></Overview>
  <ProductionCode></ProductionCode>
  <Rating></Rating>
  <RatingCount>0</RatingCount>
  <SeasonNumber>4</SeasonNumber>
  <Writer></Writer>
  <absolute_number></absolute_number>
  <filename></filename>
  <lastupdated>1291682522</lastupdated>
  <seasonid>91311</seasonid>
  <seriesid>79334</seriesid>
</Episode>
<Episode>
  <id>3256361</id>
  <Combined_episodenumber>19</Combined_episodenumber>
  <Combined_season>4</Combined_season>
  <DVD_chapter></DVD_chapter>
  <DVD_discid></DVD_discid>
  <DVD_episodenumber></DVD_episodenumber>
  <DVD_season></DVD_season>
  <Director></Director>
  <EpImgFlag></EpImgFlag>
  <EpisodeName>One Small Step...</EpisodeName>
  <EpisodeNumber>19</EpisodeNumber>
  <FirstAired></FirstAired>
  <GuestStars></GuestStars>
  <IMDB_ID></IMDB_ID>
  <Language>en</Language>
  <Overview></Overview>
  <ProductionCode></ProductionCode>
  <Rating></Rating>
  <RatingCount>0</RatingCount>
  <SeasonNumber>4</SeasonNumber>
  <Writer></Writer>
  <absolute_number></absolute_number>
  <filename></filename>
  <lastupdated>1291682534</lastupdated>
  <seasonid>91311</seasonid>
  <seriesid>79334</seriesid>
</Episode>
<Episode>
  <id>3256371</id>
  <Combined_episodenumber>20</Combined_episodenumber>
  <Combined_season>4</Combined_season>
  <DVD_chapter></DVD_chapter>
  <DVD_discid></DVD_discid>
  <DVD_episodenumber></DVD_episodenumber>
  <DVD_season></DVD_season>
  <Director></Director>
  <EpImgFlag></EpImgFlag>
  <EpisodeName>One Giant Leap...</EpisodeName>
  <EpisodeNumber>20</EpisodeNumber>
  <FirstAired></FirstAired>
  <GuestStars></GuestStars>
  <IMDB_ID></IMDB_ID>
  <Language>en</Language>
  <Overview></Overview>
  <ProductionCode></ProductionCode>
  <Rating></Rating>
  <RatingCount>0</RatingCount>
  <SeasonNumber>4</SeasonNumber>
  <Writer></Writer>
  <absolute_number></absolute_number>
  <filename></filename>
  <lastupdated>1291682542</lastupdated>
  <seasonid>91311</seasonid>
  <seriesid>79334</seriesid>
</Episode>
</Data>