<?xml version="1.0" encoding="UTF-8"?>
<phynx>
	<checksum file="interface/js.php">c62cc18a414a057c7f0ffe085aab4e9e1c2096a9</checksum>
	<checksum file="interface/rme.php">178b6c1784d32d6b46843587f7f5d2565ee5d28c</checksum>
	<checksum file="interface/loadFrame.php">d2e7814f5b971c0e8d0f1b3b19e6a9b7b1a917f6</checksum>
	<checksum file="interface/showPDF.php">9b5d1cfaf9afdb6cb2676bc7ef880bb3561f0a9b</checksum>
	<checksum file="interface/set.php">9b81927bdc5a03ff03d51ad6d5cf9d8cf816d976</checksum>
	<checksum file="interface/AppProvider.php">216f9d5f1b833fa8ca58d4606df38b9dcccd893f</checksum>
	<checksum file="system/info.php">3f4729add5d544796f55fab8522c1b90f825d6ca</checksum>
	<checksum file="system/build.xml">8832368c2f5bdb7d11ffef226a5df1aa9414c75b</checksum>
	<checksum file="system/connect.php">27ba469b011492426b0a3ae24fc5f70a2f1f16c1</checksum>
	<checksum file="system/basics.php">5a317a026334ee264b5e6c8feebf72c3a92cf6ac</checksum>
	<checksum file="system/DBData/Installation.pfdb.php">a5944d7dae12ba6f9b36c75939d32d395bebe1d0</checksum>
	<checksum file="ubiquitous/CustomerPage/plugin.xml">61e5ee058e81f46c85ec908de28cd0a80b6887f7</checksum>
	<checksum file="ubiquitous/CustomerPage/pages/CCTicketShop.class.php">4ec916b27377d5ab03a19e78958383fe91ddfe39</checksum>
	<checksum file="ubiquitous/CustomerPage/pages/CCRegistrationPDFix.class.php">296e5ea6c51107f86937aa79c31be10f9567fc9a</checksum>
	<checksum file="ubiquitous/CustomerPage/pages/CCTicketPOS.class.php">1fb65b0d1f2ebbfd35d415313664365413739e29</checksum>
	<checksum file="ubiquitous/CustomerPage/pages/CCAuftrag.class.php">8dd400cb1a1a50d9623bb8ac1c87162b9ebfed4b</checksum>
	<checksum file="ubiquitous/CustomerPage/pages/CCFCalc.class.php">c765e8f04169b706b4de10ba9d70fa131036a73d</checksum>
	<checksum file="ubiquitous/CustomerPage/pages/CCTimeTerminalS.class.php">5284b56ae4a6e095a776bfe12e1aa5d78f9661b1</checksum>
	<checksum file="ubiquitous/CustomerPage/pages/CCTimeTerminal.class.php">8d1a642fe364a1260a003a3cd65e590c6ed65000</checksum>
	<checksum file="ubiquitous/CustomerPage/pages/CCShopping.class.php">a5fa4e66c5929205818ccff4552194cd964925fb</checksum>
	<checksum file="ubiquitous/CustomerPage/lib/jquery.validate.min.js">3fd459c1468e1bb456d4ae04c6d0bd6e875e91e0</checksum>
	<checksum file="ubiquitous/CustomerPage/lib/jquery.jgrowl.min.js">9f6d4a15785e5797cbf42966b7260314c6a3c657</checksum>
	<checksum file="ubiquitous/CustomerPage/lib/jquery.jgrowl.min.css">5bc8cbead846071e4bb6221340c4ad98c97e10ce</checksum>
	<checksum file="ubiquitous/CustomerPage/lib/iconic_stroke.ttf">1c9609b1856ad8cd8c5b21b49459a19dec2f226b</checksum>
	<checksum file="ubiquitous/CustomerPage/lib/iconic_stroke.eot">32857c97d9845f2b75e5731051408ded32d1ebf6</checksum>
	<checksum file="ubiquitous/CustomerPage/lib/Ubuntu-Regular.ttf">bd34d577a86d9caaff673409fd5a196c27831220</checksum>
	<checksum file="ubiquitous/CustomerPage/lib/noty/default.js">4f638844f7b7bd04fb67953bf830d8059e5c425a</checksum>
	<checksum file="ubiquitous/CustomerPage/lib/noty/topLeft.js">5e982baa1d41070121699eb9ae915bb5f83de461</checksum>
	<checksum file="ubiquitous/CustomerPage/lib/noty/jquery.noty.js">88d54e6b1b8f36d670f1805b46571f19518b1a97</checksum>
	<checksum file="ubiquitous/CustomerPage/lib/jquery.signaturepad.min.js">78d61e72f08ecc7cc79ae8fe79abd219476750b5</checksum>
	<checksum file="ubiquitous/CustomerPage/lib/jquery-ui-1.8.24.custom.min.js">d41c648ea681e403970f6d6050bd949bc6f97fad</checksum>
	<checksum file="ubiquitous/CustomerPage/lib/jstorage.min.js">7de03608a9bb4b5a077367e63507f3c91d98bd2b</checksum>
	<checksum file="ubiquitous/CustomerPage/lib/jquery-ui-1.8.24.custom.css">3d4ed18f8c478997f0d85a10caf9d009b29fc44c</checksum>
	<checksum file="ubiquitous/CustomerPage/lib/jquery-1.8.2.min.js">149b5180cb9de3f646fc26802440a6ac6e758d40</checksum>
	<checksum file="ubiquitous/CustomerPage/lib/jquery.hammer.min.js">d7f6a048a52767c22a6b9a44d38e0eda5ce7c437</checksum>
	<checksum file="ubiquitous/CustomerPage/lib/images/ui-icons_2e83ff_256x240.png">5c0800291a8dc41ae915d9fe6d42f96c67035a23</checksum>
	<checksum file="ubiquitous/CustomerPage/lib/images/ui-bg_glass_75_e6e6e6_1x400.png">c81ea6fba4db897df599670c6bf3b3b5764d4e54</checksum>
	<checksum file="ubiquitous/CustomerPage/lib/images/ui-icons_cd0a0a_256x240.png">cc0d1cda69297dd503da85738976ff8ae5e2c0f5</checksum>
	<checksum file="ubiquitous/CustomerPage/lib/images/ui-icons_454545_256x240.png">1ab19df782d0b8491fc21c1edf7b20941624dd34</checksum>
	<checksum file="ubiquitous/CustomerPage/lib/images/ui-icons_888888_256x240.png">488af2c51acd097e9136d4dd1f0850168e8de760</checksum>
	<checksum file="ubiquitous/CustomerPage/lib/images/ui-bg_glass_75_dadada_1x400.png">11e9ed5a7db83cf86034068e4f6de4c2f273f0c1</checksum>
	<checksum file="ubiquitous/CustomerPage/lib/images/ui-bg_flat_75_ffffff_40x100.png">a9bb131c4acff0d07fa7b7f21bef05179c28d13b</checksum>
	<checksum file="ubiquitous/CustomerPage/lib/images/ui-bg_glass_95_fef1ec_1x400.png">6140799c338f9fa5ccce4fb29346512806462a60</checksum>
	<checksum file="ubiquitous/CustomerPage/lib/images/ui-bg_glass_65_ffffff_1x400.png">7e5c99e9f0113ba6b63c2bb408b8347191316cda</checksum>
	<checksum file="ubiquitous/CustomerPage/lib/images/ui-bg_flat_0_aaaaaa_40x100.png">da1c9bf45bd3644c2ddffcd4f631108d80e6a6f2</checksum>
	<checksum file="ubiquitous/CustomerPage/lib/images/ui-bg_glass_55_fbf9ee_1x400.png">4966153f5260cc8b5b9ea3afd5bd6b0dee5bc7b1</checksum>
	<checksum file="ubiquitous/CustomerPage/lib/images/ui-icons_222222_256x240.png">d6dee0eaf76929c4e06b2f2bc3058bdad1d0a1fc</checksum>
	<checksum file="ubiquitous/CustomerPage/lib/images/ui-bg_highlight-soft_75_cccccc_1x100.png">53b50999c4c9838a2a2a190b54203ab9c6acbb21</checksum>
	<checksum file="ubiquitous/CustomerPage/lib/default.css">c3cc70f301936084b10a05a2493cff0fa3d5e135</checksum>
	<checksum file="ubiquitous/CustomerPage/index.php">77920fbb2b9eba2d70fff000b282ac96ac873690</checksum>
	<checksum file="ubiquitous/CustomerPage/images/TimeTerminalBG.svg">8518d34af27d08e1af64608840f97c4d731c8490</checksum>
	<checksum file="ubiquitous/CustomerPage/CI.pfdb.php">abb5422ebc33070b31fd45016a60aceca41752d8</checksum>
	<checksum file="ubiquitous/Thrift/plugin.xml">7206c1c7b4157c6719dbc4da35be910e9a5af3e7</checksum>
	<checksum file="ubiquitous/Thrift/server/TServer.php">39c9c18dd901174b320abaaf023698af4d2bb592</checksum>
	<checksum file="ubiquitous/Thrift/server/TSimpleServer.php">5b509dd1b7373ac64e203c83dd9e222e6942c533</checksum>
	<checksum file="ubiquitous/Thrift/transport/TPhpStream.php">19ba188b38a1f0dbd96042770d62110f73228450</checksum>
	<checksum file="ubiquitous/Thrift/transport/TTransport.php">f04aa4f92cc5a9e6ff1fff6ac8596977867e0c2a</checksum>
	<checksum file="ubiquitous/Thrift/transport/TServerTransport.php">2562e89e1ffdc156c6cc0a6eeb88a1d9e79dbae0</checksum>
	<checksum file="ubiquitous/Thrift/transport/THttpClient.php">74fc1765bdaa080b0d49b59b8c4cdfb88b7dd9ac</checksum>
	<checksum file="ubiquitous/Thrift/transport/TMemoryBuffer.php">267cc0b164d2d87ed334911ef39f6ea96a865bbc</checksum>
	<checksum file="ubiquitous/Thrift/transport/TFramedTransport.php">144a6c3f665ca510629882efa0dbe52ea7aec921</checksum>
	<checksum file="ubiquitous/Thrift/transport/TSocketPool.php">75d6e4905307c337d981d08f08266b685a80f00c</checksum>
	<checksum file="ubiquitous/Thrift/transport/TBufferedTransport.php">e7409dbef61136cf3c6b892f08bc14b99169b7b8</checksum>
	<checksum file="ubiquitous/Thrift/transport/TServerSocket.php">5ceee4663fcfa3bd0cf519c6a461a9caa26cd5dc</checksum>
	<checksum file="ubiquitous/Thrift/transport/TNullTransport.php">049cf462b03e0617b0a867aa72bec3bb3d2967e1</checksum>
	<checksum file="ubiquitous/Thrift/transport/TTransportFactory.php">e646d0f5c80fb25891098ea7a2c13f15e9f3c001</checksum>
	<checksum file="ubiquitous/Thrift/transport/TSocket.php">be3b850f9180988837e9f44cd06aface8b8ff0c8</checksum>
	<checksum file="ubiquitous/Thrift/Thrift.php">a356c5ae1b08714487504ad5240cc6cba23ae119</checksum>
	<checksum file="ubiquitous/Thrift/protocol/TProtocol.php">c4017a4fc9eadc9348ecc3d60b14c667fc78ec1b</checksum>
	<checksum file="ubiquitous/Thrift/protocol/TBinaryProtocol.php">f02305dffd116d0d6bc044a320426cdeff8787ae</checksum>
	<checksum file="ubiquitous/Thrift/packages/pyload/Pyload.php">49dd54f89899ec4ad55b86e248acedd9891b02c8</checksum>
	<checksum file="ubiquitous/Thrift/packages/pyload/pyload_types.php">fae1dbd6eba2aa2cb3547bd9996576af6a9fc038</checksum>
	<checksum file="ubiquitous/Thrift/packages/.DS_Store">a376143ed4fed896446bac845702e65850b6c632</checksum>
	<checksum file="ubiquitous/Thrift/ext/thrift_protocol/config.log">6e21212a343b427bb6ca92716b731a67f7b7825e</checksum>
	<checksum file="ubiquitous/Thrift/ext/thrift_protocol/Makefile">d54e8755753a91a74b7097d2185ce2b1a91172a1</checksum>
	<checksum file="ubiquitous/Thrift/ext/thrift_protocol/config.status">630f3978eb110c530e77ab045fe261abc482a7de</checksum>
	<checksum file="ubiquitous/Thrift/ext/thrift_protocol/php_thrift_protocol.lo">8a90e695aa459f3822baef353a820e03a8288f1d</checksum>
	<checksum file="ubiquitous/Thrift/ext/thrift_protocol/Makefile.global">a0615603482e8e36492b1de2285fdba9395eaba0</checksum>
	<checksum file="ubiquitous/Thrift/ext/thrift_protocol/config.m4">0b1fdd047bf430e065a766a4e8122bac3b0bb1ad</checksum>
	<checksum file="ubiquitous/Thrift/ext/thrift_protocol/run-tests.php">913f79bfd0da3dceb433fbe28f293f9dd3e33f00</checksum>
	<checksum file="ubiquitous/Thrift/ext/thrift_protocol/Makefile.objects">4ba087013f14607e55b9e27ee6d5e9f8f920bc58</checksum>
	<checksum file="ubiquitous/Thrift/ext/thrift_protocol/config.sub">e9e62a451b5c1d642432a4f1b5abf8c25458f508</checksum>
	<checksum file="ubiquitous/Thrift/ext/thrift_protocol/.deps">da39a3ee5e6b4b0d3255bfef95601890afd80709</checksum>
	<checksum file="ubiquitous/Thrift/ext/thrift_protocol/config.guess">3f4819090147c48e94650a7cde3a5e130834f0f3</checksum>
	<checksum file="ubiquitous/Thrift/ext/thrift_protocol/php_thrift_protocol.h">4655622f445183e70c727e5c91543194974a0fc8</checksum>
	<checksum file="ubiquitous/Thrift/ext/thrift_protocol/install-sh">da39a3ee5e6b4b0d3255bfef95601890afd80709</checksum>
	<checksum file="ubiquitous/Thrift/ext/thrift_protocol/php_thrift_protocol.cpp">10e3b16ac0bf3df62a70bce4a6ebf3725d2c62d2</checksum>
	<checksum file="ubiquitous/Thrift/ext/thrift_protocol/autom4te.cache/requests">1916a2ace8cf4b545f1e67d637b590f0bf43f99b</checksum>
	<checksum file="ubiquitous/Thrift/ext/thrift_protocol/autom4te.cache/traces.0">aad9caafa533fa0841e4bef05495e29c80b18ecf</checksum>
	<checksum file="ubiquitous/Thrift/ext/thrift_protocol/autom4te.cache/output.0">10dcc6e606965cb7cce03933a0249293afb6f490</checksum>
	<checksum file="ubiquitous/Thrift/ext/thrift_protocol/configure.in">797066eea299d776049e7dc2dd49c6984f85b6bf</checksum>
	<checksum file="ubiquitous/Thrift/ext/thrift_protocol/acinclude.m4">83677567ff0bcc8514fe8c2a5f5895ec2c024bbf</checksum>
	<checksum file="ubiquitous/Thrift/ext/thrift_protocol/ltmain.sh">fe59e1cc2ee1f7a5cc7176f7d6d422f172723aea</checksum>
	<checksum file="ubiquitous/Thrift/ext/thrift_protocol/modules/thrift_protocol.la">aa3dddd43c352599895ba77bc5b85a6ea2c78003</checksum>
	<checksum file="ubiquitous/Thrift/ext/thrift_protocol/modules/thrift_protocol.so">318f7a854e1b87bcd7634f29709d84def439741b</checksum>
	<checksum file="ubiquitous/Thrift/ext/thrift_protocol/thrift_protocol.la">d6126e1f908a8c19cc33ec5907c9ae1147665234</checksum>
	<checksum file="ubiquitous/Thrift/ext/thrift_protocol/config.h">fb69356b08fc468d370f942de6dd13cc82d2787f</checksum>
	<checksum file="ubiquitous/Thrift/ext/thrift_protocol/aclocal.m4">9a2237b1e52b344cf885534479a13d4f485d54ba</checksum>
	<checksum file="ubiquitous/Thrift/ext/thrift_protocol/build/libtool.m4">26e2432c26203ac20e6bb534da33169a4c6c4641</checksum>
	<checksum file="ubiquitous/Thrift/ext/thrift_protocol/build/scan_makefile_in.awk">3093b1d431d1fd32d612ba92cbfacffcf4b3efeb</checksum>
	<checksum file="ubiquitous/Thrift/ext/thrift_protocol/build/mkdep.awk">81a29f9ff2711907384380c57358113b71e22539</checksum>
	<checksum file="ubiquitous/Thrift/ext/thrift_protocol/build/shtool">18acba88f356b917eab80356fda7b0c457c3db08</checksum>
	<checksum file="ubiquitous/Thrift/ext/thrift_protocol/mkinstalldirs">da39a3ee5e6b4b0d3255bfef95601890afd80709</checksum>
	<checksum file="ubiquitous/Thrift/ext/thrift_protocol/config.h.in">0bd6ceca3988b572f053a856bcab6fc2b191cad0</checksum>
	<checksum file="ubiquitous/Thrift/ext/thrift_protocol/libtool">55910fcced9bf033b4abd5ae69bc155cc348cd59</checksum>
	<checksum file="ubiquitous/Thrift/ext/thrift_protocol/configure">83bb05533aa0766cb437dd12ce8f2d3c25b4aa8e</checksum>
	<checksum file="ubiquitous/Thrift/ext/thrift_protocol/missing">da39a3ee5e6b4b0d3255bfef95601890afd80709</checksum>
	<checksum file="ubiquitous/Thrift/ext/thrift_protocol/config.nice">9854953e7118d9a4a393fbd4cf167bad77d6379c</checksum>
	<checksum file="ubiquitous/Thrift/ext/thrift_protocol/Makefile.fragments">da39a3ee5e6b4b0d3255bfef95601890afd80709</checksum>
	<checksum file="ubiquitous/Thrift/autoload.php">43f6c0550fbb3bbf592603fb638ec4a7bea93db3</checksum>
	<checksum file="ubiquitous/Kalender/plugin.xml">2e4d7b71978b8ecaebf005acb73f919271757649</checksum>
	<checksum file="ubiquitous/Kalender/iKalender.class.php">4bde929139c4e961b77d8839e6ab821d9bbaab3f</checksum>
	<checksum file="ubiquitous/Kalender/Kalender.class.php">3232310ebde55afc160a2735e504f24e723212a6</checksum>
	<checksum file="ubiquitous/Kalender/share.png">6763f691bfbd0dad0daf247c9a765c2201cf6579</checksum>
	<checksum file="ubiquitous/Kalender/mKalenderGUI.class.php">dbd7ecd4ed6ba7e9eea67b1e91663b7c9c0ba48b</checksum>
	<checksum file="ubiquitous/Kalender/KalenderHolidays.class.php">fa1c9ca7160d2ad3b37883df7feac7672f04830a</checksum>
	<checksum file="ubiquitous/Kalender/showDetails.png">bb7d8bda0646448430394989c445bea78c6d6909</checksum>
	<checksum file="ubiquitous/Kalender/KalenderViewTag.class.php">55d031d1ac2458fd7d7b5065fe50a5926cf4d625</checksum>
	<checksum file="ubiquitous/Kalender/KalenderEntry.class.php">a7799dc9b4c98526c0de25257bc9864902555636</checksum>
	<checksum file="ubiquitous/Kalender/week.png">45248a5a53a663fef555f8dddd67d1a95b0261b6</checksum>
	<checksum file="ubiquitous/Kalender/month.png">41ad9c3b61c042c02210ef69274d07e7e5e1d410</checksum>
	<checksum file="ubiquitous/Kalender/day.png">69ddf655781bd07b7d11d2829feb3f05b607872e</checksum>
	<checksum file="ubiquitous/Kalender/KalenderViewMonat.class.php">4364575f0ab24a7f67c2641c168f0c40e92fa3b1</checksum>
	<checksum file="ubiquitous/Kalender/KalenderViewJahr.class.php">66b3b3a86aeb9e49bd5ab6fb104ee1e523a01484</checksum>
	<checksum file="ubiquitous/Kalender/addToDo.png">5832128e55ac20ba7dec5a7d8e74d5f956a14b74</checksum>
	<checksum file="ubiquitous/Kalender/vcalendar.class.php">102879d34b89353fe20be53b4ae37549d32c8629</checksum>
	<checksum file="ubiquitous/Kalender/Kalender.js">a678e2790d1cdc8002a28f8ebdea6e382b3d718d</checksum>
	<checksum file="ubiquitous/Kalender/workweek.png">76dc778df2eb2e57ccec23882c53a19238c9c965</checksum>
	<checksum file="ubiquitous/Kalender/deleteSeries.png">8351cd05aa74e666bfa337df3cee2bd5ff2ebf05</checksum>
	<checksum file="ubiquitous/Kalender/exportXCal.php">24760acf296e99748811ea06e4c28887f00204af</checksum>
	<checksum file="ubiquitous/Kalender/CalendarBig.png">587658f26784410166eb9efae331e16235eaef3f</checksum>
	<checksum file="ubiquitous/Kalender/mKalender.class.php">a797c92da0385e405bbf784e8534cdee4d1df3f8</checksum>
	<checksum file="ubiquitous/Kalender/Bericht_KalenderGUI.class.php">7ea37191e349fb9dcc8e662ce01328713688c926</checksum>
	<checksum file="ubiquitous/Kalender/KalenderEvent.class.php">ad246684f49b619b41aae87cb88e11fe449e4de3</checksum>
	<checksum file="ubiquitous/Kalender/KalenderViewWoche.class.php">7d48f29a514332a187f897ceabe02a3357d9f278</checksum>
	<checksum file="ubiquitous/Kalender/iCalUtil.class.php">575f92cf56d0c4c6e7d4afd895248ad4972076c9</checksum>
	<checksum file="ubiquitous/Kalender/Calendar.png">cc82e2133d55dbc70a2e7b006962b576c5ace262</checksum>
	<checksum file="ubiquitous/Kalender/hasToDo.png">b4686e3d02c7da090c93f616da1675df50136139</checksum>
	<checksum file="ubiquitous/Kalender/KalenderHG.png">b5941f6825a5faace88e108bde6a5342448c9f4f</checksum>
	<checksum file="ubiquitous/Kalender/list.png">90653fdc156e6e2f9a6837951deece92db542ca1</checksum>
	<checksum file="ubiquitous/prettifyDB/plugin.xml">05bbde2d3a41f0b9ee70f3074f881202bec14a53</checksum>
	<checksum file="ubiquitous/prettifyDB/mprettifyDBGUI.class.php">8f37142e86ef5b1c02d8f59ee0310846f030fd7f</checksum>
	<checksum file="ubiquitous/prettifyDB/prettifyDB.class.php">bc60bb93efbd0b2601affdbae442e8a5be46fc06</checksum>
	<checksum file="ubiquitous/prettifyDB/prettifyDBGUI.class.php">61742c852872e64b815fd236d54889ded323254a</checksum>
	<checksum file="ubiquitous/prettifyDB/CI.pfdb.php">21decb57d9a0259b5608aa99c43aa5c5e6341fb1</checksum>
	<checksum file="libraries/touchy/Touchy.css">9bb462e2c300a54ff37310fea72b5a6e9cd9391a</checksum>
	<checksum file="libraries/touchy/Touchy.js">1309571df883be6fb0c1467ffe4ea860977cddac</checksum>
	<checksum file="libraries/webtoolkit.sha1.js">f0e22009e18bac9a027665d3eea0471695969dec</checksum>
	<checksum file="libraries/PhpFileDB.class.php">791afb0c10db753edc5e52168356817bb49c9bc2</checksum>
	<checksum file="libraries/roboto/Roboto-Light.ttf">7d72a31aaa2d4ae9734e02a2522416479ec6aea3</checksum>
	<checksum file="libraries/roboto/Roboto-Light.woff">f40d459d7fd6e32d101134748b241d7764b98181</checksum>
	<checksum file="libraries/roboto/LICENSE.txt">47b573e3824cd5e02a1a3ae99e2735b49e0256e4</checksum>
	<checksum file="libraries/jquery/jquery.scrollTo-1.4.2-min.js">932d49391d9d2dbe008a969165f300a6aebec475</checksum>
	<checksum file="libraries/jquery/jquery-ui-1.10.1.custom.min.js">836b4ce3a5cb00284e4deea53c6dd0e6daefc88a</checksum>
	<checksum file="libraries/jquery/jquery.json-2.3.min.js">2a4615b93c65dd50f92117c570121035a0327fee</checksum>
	<checksum file="libraries/jquery/jquery.timers.js">8073c573e21f9c07cd85661f81de23102c93773a</checksum>
	<checksum file="libraries/jquery/jquery.qtip.min.js">80ccc4d946192ab2647c969a5323795088aab087</checksum>
	<checksum file="libraries/jquery/jquery.qtip.min.css">c922058e2165d02172b38de39d687f45a679e5e2</checksum>
	<checksum file="libraries/jquery/jquery-1.9.1.min.js">077bd9f24fee7fb85611a7d08949382c8e2e2914</checksum>
	<checksum file="libraries/jquery/images/ui-icons_2e83ff_256x240.png">8b5bbdf076459f0cf34ad33a694d2b7f28b304a0</checksum>
	<checksum file="libraries/jquery/images/ui-bg_glass_75_e6e6e6_1x400.png">3be1f391dfd8cb71dceba6dd2a24150ca5b5f2a1</checksum>
	<checksum file="libraries/jquery/images/ui-icons_cd0a0a_256x240.png">f35a1fae2be3542ffb7ba76808e05d35a96f2093</checksum>
	<checksum file="libraries/jquery/images/ui-icons_454545_256x240.png">ffe7a4b0e6b5ca5ea35c2ef6ac72b8d08c82f91e</checksum>
	<checksum file="libraries/jquery/images/ui-icons_888888_256x240.png">8732ef39e65f8baefa8565ebd92554f37308c395</checksum>
	<checksum file="libraries/jquery/images/ui-bg_glass_75_dadada_1x400.png">5e9098d4dbc895ee64bc15a1a0d8398e0c5d78eb</checksum>
	<checksum file="libraries/jquery/images/ui-bg_flat_75_ffffff_40x100.png">16dd5bc109745f03931828b312e28f8cf7fbb694</checksum>
	<checksum file="libraries/jquery/images/ui-bg_glass_95_fef1ec_1x400.png">a1c0adb232b986e6414ef97b5a2b79e2483cb378</checksum>
	<checksum file="libraries/jquery/images/ui-bg_glass_65_ffffff_1x400.png">79ddd6d86be708f003b2b1d4f45c26572bf6a831</checksum>
	<checksum file="libraries/jquery/images/ui-bg_flat_0_aaaaaa_40x100.png">29a747768d0b75c57c388af8a99c932e334e3339</checksum>
	<checksum file="libraries/jquery/images/animated-overlay.gif">16fd304b0511eb4792545ff12a53c9c19f98fdf7</checksum>
	<checksum file="libraries/jquery/images/ui-bg_glass_55_fbf9ee_1x400.png">f17fc1fce5cbda48b90cf82eb765a33f7d4a234e</checksum>
	<checksum file="libraries/jquery/images/ui-icons_222222_256x240.png">d8f1050a2f5791a0861d7b1088db154d1cad8a6b</checksum>
	<checksum file="libraries/jquery/images/ui-bg_highlight-soft_75_cccccc_1x100.png">bf4179065fc8a6d4306e82aef1f49ad8745eeca0</checksum>
	<checksum file="libraries/jquery/jquery-ui-1.10.1.custom.css">69f8fc19e3f7cf826f43d782a15d163be9ed1107</checksum>
	<checksum file="libraries/jquery/jquery.hammer.js">1650098e17d6b2d92756310e848dc95ddbe8e781</checksum>
	<checksum file="libraries/iban/php-iban.php">84314aa7e7b3b384a153e42c8c1aad2d4a119db8</checksum>
	<checksum file="libraries/iban/IBANCalcGUI.class.php">9845467fa27d2a318f3ccadfe9fea3b01db92405</checksum>
	<checksum file="libraries/iban/IBAN.class.php">ea7beab6b6f3937b99edb5abb0dc1f5b8d382c42</checksum>
	<checksum file="libraries/iban/registry.txt">797ac2aa86d84fe0f0147e2ba20c86cf64fbb4a7</checksum>
	<checksum file="libraries/Timer.class.php">fcba609445b6d4eee6419acad0f49402c8b2907d</checksum>
	<checksum file="libraries/locale/en_GB/LC_MESSAGES/messages.mo">c4b80e9e0824647b4b0ab0e7bbb7cabd26a5ffd4</checksum>
	<checksum file="libraries/locale/en_GB/LC_MESSAGES/messages.po">1c1d3ba53a81d0ee97d848fe4e298e388e51a3c6</checksum>
	<checksum file="libraries/fpdf/FPDF.class.php">5885a4d11f28efa2c4c479a00dd9a6487bfbbb1b</checksum>
	<checksum file="libraries/fpdf/font/helvetica.php">25a84993eff4362229c756cb04a6c76889293392</checksum>
	<checksum file="libraries/fpdf/font/timesbi.php">91581e97bedf22651bc1ea1d0715ea440f64a75d</checksum>
	<checksum file="libraries/fpdf/font/zapfdingbats.php">256740f33296bef3968da985b62ce89c7ea0562e</checksum>
	<checksum file="libraries/fpdf/font/helveticabi.php">ceb38a2b6a758b21c35e1a57133688d78abf5938</checksum>
	<checksum file="libraries/fpdf/font/courier.php">d21bc9139f64e4ee876594cc13050591c249f648</checksum>
	<checksum file="libraries/fpdf/font/symbol.php">b9d2e29763c3651fc413604b1c4330f72e5cddbc</checksum>
	<checksum file="libraries/fpdf/font/helveticab.php">35eb65d55ea1d76d72cc521d151f686d4ab71518</checksum>
	<checksum file="libraries/fpdf/font/times.php">fa41bfb5666f7af4ad247f9bfe2cc320cd58b4c7</checksum>
	<checksum file="libraries/fpdf/font/helveticai.php">4b173d8c439e6351d6d8efb12968a9766f38023f</checksum>
	<checksum file="libraries/fpdf/font/timesi.php">c099f31c1a504e645dc0ed086e4a544338c4452d</checksum>
	<checksum file="libraries/fpdf/font/timesb.php">8de5353f4c59050d35b52ad82ffdae17abeee23d</checksum>
	<checksum file="libraries/fpdf/FPDF_TPL.class.php">d7b9571f258edf9c891ed8a4d8bfa369c89142b6</checksum>
	<checksum file="libraries/fpdf/fpdi_pdf_parser.class.php">8b3743b054f2d5b3b9d79a91a207da4baf670474</checksum>
	<checksum file="libraries/fpdf/pdf_context.class.php">54b1050e16ed73b4ea2f67894fd83c28da23e432</checksum>
	<checksum file="libraries/fpdf/FPDI.class.php">b060ce0f4145a93a89c8026e1d472eb2d9edbb68</checksum>
	<checksum file="libraries/fpdf/pdf_parser.class.php">a76e6228b47b2eefc9d390e91159975137cefddc</checksum>
	<checksum file="libraries/nicEdit/nicEditorIconsTiny.gif">3dea38e51f19c9e1862e3351ed3517e60eb3bc8b</checksum>
	<checksum file="libraries/nicEdit/nicEditorIcons.gif">820c32afd374ed22c4d051732db57b15253989b7</checksum>
	<checksum file="libraries/nicEdit/nicEdit.js">0edfcbc1b1315223243747283412d6b561cf56dd</checksum>
	<checksum file="libraries/fileuploader.js">dd0ac255ff252d315fb1f8c8c21f4752dfa15b6a</checksum>
	<checksum file="libraries/jstorage.js">6b759ea6c526a7d7884bd1700792fa9c661107b0</checksum>
	<checksum file="libraries/PMBP.inc.php">2c868d021d00942d88324cfcdfc6ba39c7c8ec83</checksum>
	<checksum file="libraries/FormattedTextPDF.class.php">78a181c938b2fa34222f1adda03e975d50f169d1</checksum>
	<checksum file="libraries/HTMLSlicer.class.php">9e3bdb36994c9cf26df4299f4c2aa0738b8cf3e7</checksum>
	<checksum file="libraries/Telnet.class.php">a24b9fdddef80d035f9b784e59323c72cc7ac2b5</checksum>
	<checksum file="libraries/mailer/RFC822.php">8fb3a2aa692fa3679a51418f9470cd428df419f8</checksum>
	<checksum file="libraries/mailer/PHPMailer.class.php">f9a33af1155646d972580dc833f36441bda127e9</checksum>
	<checksum file="libraries/mailer/htmlMimeMail5.php">256f007014084746d437ca6826c3e6b74063c47f</checksum>
	<checksum file="libraries/mailer/smtp.php">bbc7cb917e346da99c6eba6bd7aee0074a4987c4</checksum>
	<checksum file="libraries/mailer/mimePart.php">007efe01a772be140920e9b9d6a4880217fa50c8</checksum>
	<checksum file="libraries/mailer/class.smtp.php">a32cf1ec72dc21c49dae667b4a54f5c42e892313</checksum>
	<checksum file="libraries/mailer/htmlMimeMail5.class.php">3dfe3ec41e437d9b6cecd5290e16ece0c0c6907f</checksum>
	<checksum file="libraries/TextEditor.js">4e3234e7645ddd597cdff931850fadf8c96858a7</checksum>
	<checksum file="libraries/snap.svg/NOTICE">819787a6b43d92e79dba3bc20ea88c0745b446a4</checksum>
	<checksum file="libraries/snap.svg/snap.svg-min.js">37d8ec9ff4c1b29a000dca825065f005f65c58b3</checksum>
	<checksum file="libraries/minify/CSS.php">9e94f4bbb0f5603a24befe817ffcd7337d04f059</checksum>
	<checksum file="libraries/minify/JSMin.php">7e3c11ecddaa9623ff077b423d4d6b0da2837128</checksum>
	<checksum file="libraries/SqlFormatter.class.php">40dcd9a932fe0b265944378865642fd64d58a540</checksum>
	<checksum file="libraries/HTMLTidy.class.php">9edaf524acd5b0b1356d9b9ce767436a4b499c83</checksum>
	<checksum file="libraries/flot/jquery.flot.resize.js">d4fd46d7743b0ce475439584d2dd377b30d088b8</checksum>
	<checksum file="libraries/flot/jquery.flot.js">cccfbf71d32e55892f49b45ae92da4c5743a422b</checksum>
	<checksum file="libraries/flot/jquery.flot.selection.js">02d28be773b727994939842d1367aa7312dea366</checksum>
	<checksum file="libraries/flot/jquery.flot.orderBars.js">d29ef998c77c9e21456ff6e88c40b981261bfbf2</checksum>
	<checksum file="libraries/flot/jquery.flot.stack.js">f5a9eddb729d69c2528ce15d0bc0477b03d1f07b</checksum>
	<checksum file="libraries/flot/jquery.flot.crosshair.js">a0c0427b95698d8ae32f897c99fa617a4bb407db</checksum>
	<checksum file="libraries/flot/jquery.flot.symbol.js">4e0476b677f928dfd0d2dcc611bfdeb1b2396026</checksum>
	<checksum file="libraries/flot/jquery.colorhelpers.js">658e0c928ce129bb4be604d68bb8c8dc33cc3235</checksum>
	<checksum file="libraries/flot/jquery.flot.pie.js">b03499ab5151f5d0ac570cf14d76e3b2d73c16d2</checksum>
	<checksum file="libraries/flot/jquery.flot.image.js">d2d3ca8dc93a5bd25863bda69f735eaf1da2a1df</checksum>
	<checksum file="libraries/flot/excanvas.min.js">ae4ce1a2bfb06c82653633191b04a8969a946b6b</checksum>
	<checksum file="libraries/flot/jquery.flot.navigate.js">c2cf985e4a6d9c6095e923e4f9d6725dec165565</checksum>
	<checksum file="libraries/flot/jquery.flot.fillbetween.js">218bf736f39510ee84515d1eb4740d998705cc75</checksum>
	<checksum file="libraries/flot/jquery.flot.threshold.js">cfa3baac69af648e48b7087bc49efdae42497cfb</checksum>
	<checksum file="libraries/flot/jquery.flot.time.js">89e357e50f1c42239089dc286f3ed0dd1c2a84a7</checksum>
	<checksum file="libraries/flot/excanvas.js">128d91aa0bf31033d5439176b6be09541f9969fe</checksum>
	<checksum file="libraries/flot/LICENSE.txt">a95830da23b80c006af13a8d4549d21ef860e994</checksum>
	<checksum file="libraries/webtoolkit.base64.js">6f3a8ba839c995154051d7dae84be1645e32b2f7</checksum>
	<checksum file="libraries/PlancakeEmailParser.class.php">4f60ab61cdc29d925027b38554132b9e872085a6</checksum>
	<checksum file="libraries/modernizr.custom.js">a73c382fdc137a702f3cae8374804ca6db9454cc</checksum>
	<checksum file="libraries/geshi/GeSHi.class.php">ee140c873d494792cf77cb1c7e2906577d1e3143</checksum>
	<checksum file="libraries/geshi/geshi/sql.php">7fc6ac1cc00120c05a62d9521e62939a1c67899a</checksum>
	<checksum file="libraries/geshi/geshi/javascript.php">d5f3004d68eb91752010aef395d21c541cfe6921</checksum>
	<checksum file="libraries/geshi/geshi/php.php">3c9c748bbf6f24cffba927e8c4184d4f17f9a34d</checksum>
	<checksum file="classes/exceptions/ClassNotFoundException.class.php">2da46630e28ac54743d887dc180e7b03b99fb1da</checksum>
	<checksum file="classes/exceptions/AccessDeniedException.class.php">05da933906a6ace771a83ac81f8612bc482bc0c9</checksum>
	<checksum file="classes/exceptions/DataTypeNotDefinedException.class.php">25db3aaf05cf62b346fddc1e84990f96dcb26406</checksum>
	<checksum file="classes/exceptions/AttributesNotSetException.class.php">285b187d9c0d62b557fbfb9a2632baacaa5a2f52</checksum>
	<checksum file="classes/exceptions/DuplicateEntryException.class.php">1f4453ab3b805f251067ba14aa7fda4165eb28eb</checksum>
	<checksum file="classes/exceptions/DatabaseNotFoundException.class.php">85579cb2ff38bca64eddfb47498c9f4354b3ac53</checksum>
	<checksum file="classes/exceptions/DatabaseNotSelectedException.class.php">129ec2419186123ad2a45dedec085636683deaf0</checksum>
	<checksum file="classes/exceptions/AOPNoAdviceException.class.php">7a7cedcad59a42ecff9719a28140c88919e1e7af</checksum>
	<checksum file="classes/exceptions/o3AException.class.php">e113bf18405f33d9e293b3df28512ec34bc2680e</checksum>
	<checksum file="classes/exceptions/FieldDoesNotExistException.class.php">a4a2cc78cdbd4b41113488691cea950544e6945c</checksum>
	<checksum file="classes/exceptions/NoServerConnectionException.class.php">a5490ba75c040e4f3c3adb4c584589a0ba033a23</checksum>
	<checksum file="classes/exceptions/TableDoesNotExistException.class.php">4da66d1a15608e3e3ee15f89f2552d63a154f98f</checksum>
	<checksum file="classes/exceptions/StorageException.class.php">e26f04617783af3360384b9a9da913b4f6e3bd29</checksum>
	<checksum file="classes/exceptions/FactoryException.class.php">ffddd3ae1c5f190ed11780ab67d164c4450ce5e4</checksum>
	<checksum file="classes/exceptions/FunctionDeprecatedException.class.php">31c8162f80121b82a1325cea834bd6fa58387bcc</checksum>
	<checksum file="classes/exceptions/NoDBUserDataException.class.php">c0b76f4fa5f29a7b5222b7129c52889847ea9f1c</checksum>
	<checksum file="classes/exceptions/CollectionOfNotSetException.class.php">4157ba6b4775f7c64be4f3742e255fce19f2bcdf</checksum>
	<checksum file="classes/toolbox/Aspect.class.php">cc5e57288901f68fe982730fc334bbb811a14fc2</checksum>
	<checksum file="classes/toolbox/ConfigFile.class.php">4f3113872688c5469f4e297c2312709d111411ed</checksum>
	<checksum file="classes/toolbox/ISO3166.class.php">67a36c617948f526b71f196559b28682f9f62db2</checksum>
	<checksum file="classes/toolbox/RSSFeed.class.php">2e090ef283819f729973e72a4c633ded1bd218c6</checksum>
	<checksum file="classes/toolbox/PMReflector.class.php">76ca39c82e32d64a2a880eadbac472fb2fb0c8af</checksum>
	<checksum file="classes/toolbox/Button.class.php">fc6ec91e77627adcda79961ea5ef171be6eff67e</checksum>
	<checksum file="classes/toolbox/CategorizerGUI.class.php">3307117134f29177371f790641228141b19048bd</checksum>
	<checksum file="classes/toolbox/CertTest.class.php">407f2dfe54c968248008fc7eb6ddc85d7ec0d4bf</checksum>
	<checksum file="classes/toolbox/FileBrowser.class.php">57548d4540a57fe2777a3ee866668b47dc94bfbe</checksum>
	<checksum file="classes/toolbox/SysMessages.class.php">3adaac11e9bcfcf5ccfc88c6e24ca963fd6127cb</checksum>
	<checksum file="classes/toolbox/SupportGUI.class.php">455ab2fa3eb318b21e6cbe823594e3ec9977a4ab</checksum>
	<checksum file="classes/toolbox/TempFile.class.php">f36fff64e7fcf6c6498ec1cb1a50b0dc5ad8f704</checksum>
	<checksum file="classes/toolbox/Registry.class.php">c0ee1ee713c96187f53f26ff228ded4d9fd8cbaf</checksum>
	<checksum file="classes/toolbox/Environment.class.php">ad211ca3611c124c93f3df2de4422346eb441922</checksum>
	<checksum file="classes/toolbox/CookieCart.class.php">9194343caa56756b016adf4835b81f871ab65b5c</checksum>
	<checksum file="classes/toolbox/Filelink.class.php">58bff0e47f6bcdd42a839184b4496bf1b1785df9</checksum>
	<checksum file="classes/toolbox/UtilGUI.class.php">2c37f056fd494c3b8b9ccc3ff0675ab3f369d409</checksum>
	<checksum file="classes/toolbox/Factory.class.php">68c6c99cdbd483390ddfa8915560161ff96caa58</checksum>
	<checksum file="classes/toolbox/LoginData.class.php">70a4d13ef0b1b593a9d6792e03aefcd9238c471d</checksum>
	<checksum file="classes/toolbox/BPS.class.php">81787957504d0d6263e6ea81bcfd431193063e81</checksum>
	<checksum file="classes/toolbox/TempFileGUI.class.php">8f79b83e177eef4681db844ddaf1afe7578d0f70</checksum>
	<checksum file="classes/toolbox/ISO4217.class.php">7df7e8821b97799ffb8e654a55d82e8b402b0036</checksum>
	<checksum file="classes/toolbox/VersionCheck.class.php">d4498d0e85f0a777fb650561741c5d3f75de8479</checksum>
	<checksum file="classes/toolbox/ArrayCollection.class.php">8cf1b53854c906ed7c2b87dbc49ec7ced2a009c3</checksum>
	<checksum file="classes/toolbox/XMLC.class.php">7a1a8814bb7ec89eac8b2075f5baad6bcd8916e7</checksum>
	<checksum file="classes/toolbox/DynamicJSGUI.class.php">a470fd5853284aa35fc91b6227fb5f474bb23306</checksum>
	<checksum file="classes/toolbox/FileBrowserGUI.class.php">7b24052444fb6d39c4b11c7239b2416727f266e1</checksum>
	<checksum file="classes/toolbox/SystemCommand.class.php">585a116372fac682939a491dac90c378d034661b</checksum>
	<checksum file="classes/toolbox/Util.class.php">e77bedb151acac8b532a8baad7fcd0b92cbdadc7</checksum>
	<checksum file="classes/toolbox/LinuxKeycodes.class.php">f597bffd316b9883a3cd64275dc55dec024975cf</checksum>
	<checksum file="classes/toolbox/EUCountries.class.php">e74e1e0aab48d3879ce6bf11e1204e30131d8f26</checksum>
	<checksum file="classes/toolbox/XML.class.php">b0ed3e4afed38815652e584ebd0ad49ee8accd4e</checksum>
	<checksum file="classes/toolbox/ISO639_1.class.php">06a3b6aa1c1379caddff9668c1a474dec507bf4a</checksum>
	<checksum file="classes/toolbox/Datum.class.php">8e5d979500d404bd21359b172c99c9479bf8c7a2</checksum>
	<checksum file="classes/toolbox/DBImageGUI.class.php">4bd431681d79e28a815ad74cc8a70cccb15b4118</checksum>
	<checksum file="classes/backend/CorporateDesign.class.php">ad5290db85360fc4d5270eb493b837274134685c</checksum>
	<checksum file="classes/backend/FileStorage.class.php">e1ea765c8eb7de949eab1dd7dfbc769e0bc8ab90</checksum>
	<checksum file="classes/backend/PluginV2.class.php">90245ff5f7417361f5bc4a609f18326370f78002</checksum>
	<checksum file="classes/backend/LDAPStorage.class.php">6e610203aec95dc69dea5fb1a3752446237e5905</checksum>
	<checksum file="classes/backend/XMLPlugin.class.php">910e8e9f79016d60b193bc566bd277a5076752cb</checksum>
	<checksum file="classes/backend/Services.class.php">39ab1040dd5587f5b219b51d7f07edc3df9ab3a7</checksum>
	<checksum file="classes/backend/File.class.php">fca79aeb416325cc8898548de5d5837f02cc1ac0</checksum>
	<checksum file="classes/backend/SOAP.class.php">16a70e03dd736db7a928e8a29cadf4fe53289680</checksum>
	<checksum file="classes/backend/DBStorage.class.php">2ecdbee2ef4d5d891268f6ac32bd2be2d1b076d8</checksum>
	<checksum file="classes/backend/propertyC.class.php">909d3736ffe7cdd1ef5a34447926d4b09c56470a</checksum>
	<checksum file="classes/backend/Attributes.class.php">dd3121a19e7ad8c39d58fadae823e8def64bfcbb</checksum>
	<checksum file="classes/backend/SpeedCache.class.php">e53023a0184115e3b762a164f54041173eb9ea67</checksum>
	<checksum file="classes/backend/Collection.class.php">4a5e2746123f9c2c26501bcb36308c2fb87cb2f2</checksum>
	<checksum file="classes/backend/PersistentObject.class.php">afa23786af693ae124c9517bd6fda7fab8f7a72e</checksum>
	<checksum file="classes/backend/Phynx.class.php">6fa24efff1b29af8f3c5e788667977db97bb2ceb</checksum>
	<checksum file="classes/backend/User.class.php">9c76f5ca5aab731ca04b3eb5464d7801d9a669e6</checksum>
	<checksum file="classes/backend/UDStorage.class.php">a4d5481f7e1bcf90a93869e46f83d65aa6b0d492</checksum>
	<checksum file="classes/backend/pfDBStorage.class.php">aa945a4e2ce3ea5e19723f84fbf3e46c1b21e849</checksum>
	<checksum file="classes/backend/UDAttributes.class.php">065b77ef226367b94bf39b456f19db6c728a2b5d</checksum>
	<checksum file="classes/backend/Adapter.class.php">8b46321e3d2375cc61df74307561c293b53f9962</checksum>
	<checksum file="classes/backend/SelectStatement.class.php">05fa597dfe1ecb9829a7714d02004c3aaa67a56c</checksum>
	<checksum file="classes/backend/Session.class.php">ad5e6b55274b0d85f9b65d43cc4875f9ff67f101</checksum>
	<checksum file="classes/backend/BackgroundPluginState.class.php">395e6d9a4ed564aeabeedffe53af00484220660d</checksum>
	<checksum file="classes/backend/propertyObject.class.php">8e10314a48e7296442d024d0375ac79c84bcfacc</checksum>
	<checksum file="classes/backend/UnpersistentClass.class.php">03f90bf5ff36bc0a30a204f38b08cc7ae63fdfbd</checksum>
	<checksum file="classes/backend/DBStorageU.class.php">846e33719577521ba29770ad0b1b86e86660c866</checksum>
	<checksum file="classes/backend/MSSQLStorage.class.php">93abda402ea3dd25f772b255fc05ff2cd5915c52</checksum>
	<checksum file="classes/backend/anyC.class.php">3250288e48c9b080c8ef52a600aebc9ce8984b46</checksum>
	<checksum file="classes/backend/SQLiteStorage.class.php">b7142f26505afd4776b8b96e9695a3887d7d6fb0</checksum>
	<checksum file="classes/interfaces/iCategoryFilter.class.php">5e81762f48fcafb1826c8b3b4ca82116a6d84052</checksum>
	<checksum file="classes/interfaces/iXMLExport.class.php">2376105574744f0431ea107408c850d48682e4be</checksum>
	<checksum file="classes/interfaces/icontextMenu.class.php">caa7c0e5d03929f3c67e90096b6f08deadf4b0b1</checksum>
	<checksum file="classes/interfaces/iDesktopLink.class.php">3bedac6248249eeb5ff58acd77b18a93b405e7fd</checksum>
	<checksum file="classes/interfaces/iLDAPExport.class.php">507cfac0d0cb7df2a38a8a9fedcae50df84a7dfa</checksum>
	<checksum file="classes/interfaces/iRepeatable.class.php">970eed804daab706b13a469f3ecaa656fec0708b</checksum>
	<checksum file="classes/interfaces/iTranslation.class.php">099f05527d62eaa121dbade8a6450fc7fee868a8</checksum>
	<checksum file="classes/interfaces/iSearchFilter.class.php">2d8a91f1e705de70800a08024f954cb31fef7afe</checksum>
	<checksum file="classes/interfaces/iPluginSpecificRestrictions.class.php">1abb3f123fafa7c9a4d1ffe5b19a03ad33f54220</checksum>
	<checksum file="classes/interfaces/iUnifiedTable.class.php">db0fca4bb6a212f23690c71077b9d37e131d79a1</checksum>
	<checksum file="classes/interfaces/iGUIHTML2.class.php">62f148f15f7991b44b28e8be318aedc50b08e9dc</checksum>
	<checksum file="classes/interfaces/iReNr.class.php">991a83d8deb75ce68dcb44217d8c8e0c8490e27e</checksum>
	<checksum file="classes/interfaces/iFileBrowser.class.php">d578aa9fea47d6fe16df0dab23270b47e964829b</checksum>
	<checksum file="classes/interfaces/iScrollable.class.php">3295fb845b5863be271a50df05e9e6b0ed063b47</checksum>
	<checksum file="classes/interfaces/iGUIHTMLMP2.class.php">32e962be1407c14db06ec55437ee6ed13afc985c</checksum>
	<checksum file="classes/interfaces/iOrderByField.class.php">3f4155b2d6e2c407cdf1065a3d449d1191bbe04c</checksum>
	<checksum file="classes/interfaces/iNewWithValues.class.php">f1c719210123ae11a737146c0277cc53ec218c8e</checksum>
	<checksum file="classes/interfaces/iDeletable2.class.php">b528a68fc105c08cf37fe97de156ea35bddc19be</checksum>
	<checksum file="classes/interfaces/iCloneable.class.php">0ffe3e2823490e77f74ee4afa866c9859dffeae3</checksum>
	<checksum file="classes/interfaces/iDeletable.class.php">b137d52c1dff23095fa0264878f60d32e19f0ba0</checksum>
	<checksum file="classes/interfaces/iCustomSettings.class.php">d023154d31785f93cc205a80a804009fda09a2f3</checksum>
	<checksum file="classes/interfaces/iCategorizer.class.php">d896aec8f9a56fbc2f5102eb135baea5ac26f5c5</checksum>
	<checksum file="classes/interfaces/iAutoCompleteHTML.class.php">c57f032f6120b94a5df5fc185322f0b03500d3fd</checksum>
	<checksum file="classes/interfaces/iPluginV2.class.php">eb93f456cbad4551e5cba9e571eff9e02275bd4a</checksum>
	<checksum file="classes/interfaces/iCorporateDesign.class.php">08e673a4611fc4cb84380bc1ffc701760e40256d</checksum>
	<checksum file="classes/frontend/T.class.php">36318b04044d32f57222028961a6126be33eac59</checksum>
	<checksum file="classes/frontend/HTML_de_DE.class.php">1248c8bab116541d562b619b0e4d4591a337d5e6</checksum>
	<checksum file="classes/frontend/MenuGUI.class.php">4a45d3ffdbafbf98e4103fce37cb44d75bbbbfd7</checksum>
	<checksum file="classes/frontend/mGenericGUI.class.php">2426c320542ff39d1693d7781df48fc04b6ccea1</checksum>
	<checksum file="classes/frontend/GUIFactory.class.php">1cf0b7a29f1a5b717857c6e1a95356f4926f43e1</checksum>
	<checksum file="classes/frontend/Red.class.php">d096aef982d8d9433cd5bf3d63319248b8d93153</checksum>
	<checksum file="classes/frontend/UsersGUI.class.php">91879895c1a4c34a72199d8f39b46e128e570400</checksum>
	<checksum file="classes/frontend/HTMLFormCheckList.class.php">5f731e4a7488abc592d200250f16afa49155fec8</checksum>
	<checksum file="classes/frontend/Applications.class.php">245120cb0cba1dc0dba14e1871fb368d1857ff5d</checksum>
	<checksum file="classes/frontend/HTMLList.class.php">d7045f577a3106477b8158cac1832ec7c36e2b8e</checksum>
	<checksum file="classes/frontend/CreditsGUI.class.php">19ccd6ba486491f01d6639f4a82c950450bd2620</checksum>
	<checksum file="classes/frontend/ColorsGUI.class.php">d44dda44135715161d981f4a708c8e39fd19a829</checksum>
	<checksum file="classes/frontend/AppPlugins.class.php">239965942814da36dc5e9c5e20f7dbf258098749</checksum>
	<checksum file="classes/frontend/SpellbookGUI.class.php">9adea0aa5126286d1a71089709d0a579cc28c402</checksum>
	<checksum file="classes/frontend/CRMHTMLGUI.class.php">65771f799455b238d1f2364ddf4d374fd7982dfa</checksum>
	<checksum file="classes/frontend/BackupManagerGUI.class.php">271fb56c96851e2256da5e38d8051665fe0b9999</checksum>
	<checksum file="classes/frontend/JSLoaderGUI.class.php">d914f1c4f583ab91539b0ebe147ceb9741c92f21</checksum>
	<checksum file="classes/frontend/HTMLSideTable.class.php">90c2e9ccfac282abc802413c33f5b1b8d04c1115</checksum>
	<checksum file="classes/frontend/ExtConn.class.php">0e9dec0570f6820ecadcb8cc9e70a46c398253c1</checksum>
	<checksum file="classes/frontend/OnEvent.class.php">6970b924b31f8c9e2e0b46e7f60566cfb4ca4e68</checksum>
	<checksum file="classes/frontend/HTMLColGUI.class.php">190fbc1f4c9e2d8f7622107a3295182e31230927</checksum>
	<checksum file="classes/frontend/nicEditGUI.class.php">7b90f93ce9693db96f7be2fba4965e5557641385</checksum>
	<checksum file="classes/frontend/HTMLForm.class.php">fc312b2b8af541c04a6fe23db635410a95514bb3</checksum>
	<checksum file="classes/frontend/HTMLGUI2.class.php">f0126e31b929053c8fc58cd130f6288eaeb192c3</checksum>
	<checksum file="classes/frontend/Users.class.php">ab89112e96f021d6bbae83e025dd1c24bedea2c2</checksum>
	<checksum file="classes/frontend/DesktopGUI.class.php">ff35cb1df84800215eec8ff5b1782cbc626d562a</checksum>
	<checksum file="classes/frontend/HTML_en_US.class.php">185f4e2864d928dbdb76a18faa65f7c48d65b737</checksum>
	<checksum file="classes/frontend/HTMLInput.class.php">87dfab1be850b1c6ae71e585990af03a9a092c36</checksum>
	<checksum file="classes/frontend/GUITabFactory.class.php">55ebc679371e76b19ddc3f549946fde00385610a</checksum>
	<checksum file="classes/frontend/HTMLPopupGUI.class.php">0dfcca81989789c604897b146001e124cc1df3c2</checksum>
	<checksum file="classes/frontend/LoginDataGUI.class.php">ad71426ad5b2af015a9808e8def3f787dafe1f97</checksum>
	<checksum file="classes/frontend/UnifiedTable.class.php">514e579b653b8d52c55e0a5a18e4878a91f62c7e</checksum>
	<checksum file="classes/frontend/HTMLTable.class.php">be2628454888014b8bb9dc3a881370301c738f3c</checksum>
	<checksum file="classes/frontend/HTMLGUIX.class.php">184b4c2978097c1afe77f1e0f381c1e04d7928fa</checksum>
	<checksum file="classes/frontend/HTMLGUI.class.php">e5b0a3194fd447de092cbe5ac868dde1d07231c1</checksum>
	<checksum file="classes/frontend/GUIFactoryGUI.class.php">a827a60d921aafa3ba33e00bb663735525664560</checksum>
	<checksum file="classes/frontend/DesktopLinkGUI.class.php">96036b541a3a3163d6830dd65889d45c53107fe2</checksum>
	<checksum file="classes/frontend/JSLoader.class.php">3c5089a7d242f35320f3c60e5ee28ac22c6ae684</checksum>
	<checksum file="classes/frontend/ADesktopGUI.class.php">9b6a5b23b8805c0fdd3b8c67613ea09978796a41</checksum>
	<checksum file="index.php">52d5a97d5b23ffe809cf7c0f25b022144d4c8f08</checksum>
	<checksum file="plugins/Files/plugin.xml">984374cac7251ed677d5e9bcbe03cdc66f40be1d</checksum>
	<checksum file="plugins/Files/File.js">79c6a2e0da0b0886369930167e64cfc15e15b9cc</checksum>
	<checksum file="plugins/Files/mFileGUI.class.php">0ea9573267809ec02bd064f686c0f81367b1222c</checksum>
	<checksum file="plugins/Files/rename.png">06f52c23528d7f6bea05e4f9e210f6a06fdc0529</checksum>
	<checksum file="plugins/Files/FileGUI.class.php">67d9085c3d5ba11b17981ff5b41a1ff834ef7df8</checksum>
	<checksum file="plugins/Files/thisDir.png">fbb8f97f3084ff08ca22286c8823f47b5cff44a6</checksum>
	<checksum file="plugins/Files/FileManagerGUI.class.php">eae25e0d051b3a84abfdb6a30ffeb854700d98fd</checksum>
	<checksum file="plugins/Files/mDateiGUI.class.php">6ea2c892d8161796e075bb57386057a737cd7338</checksum>
	<checksum file="plugins/Files/parentDir.png">5486b41eab5db7276d7fd8ec09fdb86c7dc8451d</checksum>
	<checksum file="plugins/Files/mFile.class.php">143747ed698cee003447e796af718724b03dae6d</checksum>
	<checksum file="plugins/Files/download.png">89470a8ebbdc8635695ea3a472ff42f6709d47f7</checksum>
	<checksum file="plugins/Files/Datei.class.php">639505760c16441b79b7e27cd540fcfa35bf31ac</checksum>
	<checksum file="plugins/Files/icons/file_extension_aiff.png">2d69905dcdb50e77c6f18d347412bc7f6dd5b593</checksum>
	<checksum file="plugins/Files/icons/file_extension_cda.png">0b7fec9fb541de0882d5626a94ea597b95a92760</checksum>
	<checksum file="plugins/Files/icons/file_extension_ram.png">5158df5177bd0c3c46133c1fa56d0a162d22cf43</checksum>
	<checksum file="plugins/Files/icons/file_extension_amr.png">4cbe223ecf1ed5b7056cae16b8868f03a078578a</checksum>
	<checksum file="plugins/Files/icons/file_extension_ogg.png">3106b931af0d48e50dddd2035dfe65311d3fb093</checksum>
	<checksum file="plugins/Files/icons/file_extension_ps.png">5169932967d3f35c6347c2a6fe8a28f17b0c4d85</checksum>
	<checksum file="plugins/Files/icons/file_extension_chm.png">c3d321622bae461923d441029bb85367e23658a7</checksum>
	<checksum file="plugins/Files/icons/file_extension_png.png">5f9bc1e0cfe74cbac463b7518c6e8098ce9b3a4c</checksum>
	<checksum file="plugins/Files/icons/file_extension_jpg.png">528e4cd810bfdc19db5b8c3073ee91bcbae40a70</checksum>
	<checksum file="plugins/Files/icons/file_extension_wmv.png">030e8855cf0fccb00759fe5b4e9d432613a9cd17</checksum>
	<checksum file="plugins/Files/icons/file_extension_dwg.png">f3f7be95560cebbc71f46aec5df88cef5c77f226</checksum>
	<checksum file="plugins/Files/icons/file_extension_sitx.png">e072add696463b5e2b72ac965525d539cb0b9ac9</checksum>
	<checksum file="plugins/Files/icons/file_extension_mov.png">7015ba9d9c40fcd9d93c015d9db3e2ccd559a9c6</checksum>
	<checksum file="plugins/Files/icons/file_extension_tmp.png">b9a60e66375c7026a0648cabb1382504ca4b9f39</checksum>
	<checksum file="plugins/Files/icons/file_extension_ai.png">1438d71743eba0c9738b8160429b40fac89576bd</checksum>
	<checksum file="plugins/Files/icons/file_extension_mcd.png">cb6b22a94afd5ab9cd0b7651984735b552b695c3</checksum>
	<checksum file="plugins/Files/icons/file_extension_3gp.png">254ee8752acdcfb918ceeffc1a396786711f9865</checksum>
	<checksum file="plugins/Files/icons/file_extension_zip.png">e1ef8b56abd2dd7983b2e76537e4ee5f5f96067f</checksum>
	<checksum file="plugins/Files/icons/file_extension_dss.png">cffa1c9aa39dad259ce3832aa16b09224cf5d027</checksum>
	<checksum file="plugins/Files/icons/file_extension_m4v.png">22b941f3f14dd3a2ef5b9f7d0c9c63b9b0447149</checksum>
	<checksum file="plugins/Files/icons/file_extension_dat.png">88e8ea6f6ede113fb0f150cce9eedc96bfc34adb</checksum>
	<checksum file="plugins/Files/icons/file_extension_hqx.png">65ad29c022c42f1974864e26d24d95bae47f41d6</checksum>
	<checksum file="plugins/Files/icons/file_extension_ses.png">09e852eff48f36954dfc6b73516d9a1162735fd2</checksum>
	<checksum file="plugins/Files/icons/file_extension_ttf.png">bfdb7839720db18416125f4eec871c3ab3ad0ec8</checksum>
	<checksum file="plugins/Files/icons/file_extension_asx.png">634cb3988213196ce5315ff68a5e5ac998b665c3</checksum>
	<checksum file="plugins/Files/icons/file_extension_ptb.png">fc6039035f57a86f6f9121c1015b39e83802be13</checksum>
	<checksum file="plugins/Files/icons/file_extension_log.png">1fbd6d6e06ffd12e59c73dbc3764fc7815ba7002</checksum>
	<checksum file="plugins/Files/icons/file_extension_pub.png">0357c74cace3712b98e54ba16c21c401059bfa8e</checksum>
	<checksum file="plugins/Files/icons/file_extension_fla.png">8100e3d561b031032bd7edf92400d55d15cb6dfc</checksum>
	<checksum file="plugins/Files/icons/file_extension_mswmm.png">5fac61f7af7b80dff544186a5131274139887e27</checksum>
	<checksum file="plugins/Files/icons/file_extension_cdl.png">ea76d71052261aa9d20dfc0b71bc84f385930301</checksum>
	<checksum file="plugins/Files/icons/file_extension_rmvb.png">80c96f2aef130811aa4dcf44e15895254c269b36</checksum>
	<checksum file="plugins/Files/icons/file_extension_mid.png">ad7f63fe49a8f50e516fc09c0da930313b035879</checksum>
	<checksum file="plugins/Files/icons/file_extension_bmp.png">77c9b13f9652843628f9f2facd7a59af3a6452b3</checksum>
	<checksum file="plugins/Files/icons/file_extension_ifo.png">8bfe0bf6c6efa5dc89a8c1b07d77c74d1dc7e8f3</checksum>
	<checksum file="plugins/Files/icons/file_extension_sit.png">b2651c46c3e11dcd3bf7684db937cd581104bbc6</checksum>
	<checksum file="plugins/Files/icons/file_extension_eml.png">5140a663f1299a6996a4abf0757c9f63fb3fc647</checksum>
	<checksum file="plugins/Files/icons/file_extension_gz.png">6287477f28b753be2f9e157a9da0ff3987a42419</checksum>
	<checksum file="plugins/Files/icons/file_extension_rtf.png">db81f069908eda142d295c9f99ad6efdda66639f</checksum>
	<checksum file="plugins/Files/icons/file_extension_rar.png">31241bd3af7d9915f5f5461b8d8a1dfde8a398fc</checksum>
	<checksum file="plugins/Files/icons/file_extension_pps.png">12407f2c483d7ed6ddf04d12a00b2aa5d8c3961b</checksum>
	<checksum file="plugins/Files/icons/file_extension_m4b.png">77e65882d88718bf24438e169625b577f08d00fc</checksum>
	<checksum file="plugins/Files/icons/file_extension_divx.png">da18d22c365e76ed28b635ca8066e34f1a541e41</checksum>
	<checksum file="plugins/Files/icons/file_extension_unknown.png">6cf0f1a4b7952ecf6fa0fe80d593058a0ba04eea</checksum>
	<checksum file="plugins/Files/icons/file_extension_m4p.png">1eb37b677be17f70f6b2e80fd4f8e6b10b587122</checksum>
	<checksum file="plugins/Files/icons/file_extension_mp4.png">45869e1a5f91a9684529b92e4013daf152b02c6f</checksum>
	<checksum file="plugins/Files/icons/file_extension_thm.png">adfcce6915a53cbec2ea16157dc0bff7df1238cb</checksum>
	<checksum file="plugins/Files/icons/file_extension_ace.png">5f2232820513969ae9448a8dc35abeb0694bb9c8</checksum>
	<checksum file="plugins/Files/icons/file_extension_bat.png">164942c9de8723e4b21413b8ec88e9f65308c571</checksum>
	<checksum file="plugins/Files/icons/file_extension_tif.png">80fca91902fa2989a7cd1662a34b94708873f5e6</checksum>
	<checksum file="plugins/Files/icons/file_extension_psd.png">684fd9d4839cc286aeec7e04eafb6bd0432bf4ac</checksum>
	<checksum file="plugins/Files/icons/file_extension_qbb.png">659cc18a466d165d2bda9efa56cbac0eef59e6db</checksum>
	<checksum file="plugins/Files/icons/file_extension_cab.png">1bff9091cb6c6af8629bf8a8300d30c394a6e826</checksum>
	<checksum file="plugins/Files/icons/file_extension_cbr.png">b0db4572cab43fcc8242ced9571a95cc06aac0fe</checksum>
	<checksum file="plugins/Files/icons/file_extension_mp2.png">146aacbf5a6691500caf80424f19a9391ab0c923</checksum>
	<checksum file="plugins/Files/icons/file_extension_eps.png">0c57c110695410cb68964c86439519c257c55066</checksum>
	<checksum file="plugins/Files/icons/file_extension_bup.png">958f82bca8066b7463d7667eb69a7c909057b72c</checksum>
	<checksum file="plugins/Files/icons/file_extension_pst.png">e019c8e69006da473fed1719f0ba209b4ee0f801</checksum>
	<checksum file="plugins/Files/icons/file_extension_qbw.png">dacea52eb2e676a1158c39ce7cb4f1703ae6ea24</checksum>
	<checksum file="plugins/Files/icons/folder.png">930850ff2e1b6e1d956fbcd04635f833f0453d2b</checksum>
	<checksum file="plugins/Files/icons/file_extension_dmg.png">1068c32d9af270ee874f1b41d015ef7548759700</checksum>
	<checksum file="plugins/Files/icons/file_extension_msi.png">927d7e59668456a3e03c72690b58df71fc20569b</checksum>
	<checksum file="plugins/Files/icons/file_extension_gif.png">1ae02465b4d77e3019ac177edc247cc6fe652721</checksum>
	<checksum file="plugins/Files/icons/file_extension_vob.png">9cf951f4fbe479e1854007c8f0e7a0231daf712b</checksum>
	<checksum file="plugins/Files/icons/file_extension_indd.png">5f9bc1e0cfe74cbac463b7518c6e8098ce9b3a4c</checksum>
	<checksum file="plugins/Files/icons/file_extension_asf.png">f900238eec6efdfa3b2fb7761205b89d371ca7c9</checksum>
	<checksum file="plugins/Files/icons/file_extension_rm.png">006de82a94d1cc0990ae01a184df6ca345a7c256</checksum>
	<checksum file="plugins/Files/icons/file_extension_jar.png">27f33edd56988b825c40280cdc81475f297e7654</checksum>
	<checksum file="plugins/Files/icons/file_extension_qxd.png">6abc6a90ed55deefd7be68228d82b909ee444837</checksum>
	<checksum file="plugins/Files/icons/file_extension_xls.png">a6a588fd687cfafc5b544f31b2427b5fdaa8b2f1</checksum>
	<checksum file="plugins/Files/icons/file_extension_wav.png">3bafc5f9a9cf3af46e310dd598567166622eecab</checksum>
	<checksum file="plugins/Files/icons/file_extension_tgz.png">b4d22497efef05a67bc8653e87e28b4221bb2377</checksum>
	<checksum file="plugins/Files/icons/file_extension_flv.png">67bbfee054f5c0ce8f4e483bf946025081acd75e</checksum>
	<checksum file="plugins/Files/icons/file_extension_7z.png">d24272d62ca7c0b8bc428bf335562db0e48cda4e</checksum>
	<checksum file="plugins/Files/icons/file_extension_ss.png">252a94ccd52c0e36a4cde0f8eb36898eafa90556</checksum>
	<checksum file="plugins/Files/icons/file_extension_cdr.png">cb90fce399fd85498a0b69fc1a7e70a9c5b5f601</checksum>
	<checksum file="plugins/Files/icons/file_extension_mdb.png">187b9dc905391bf7f4c3fbb0656f47ba2c8e7cc7</checksum>
	<checksum file="plugins/Files/icons/file_extension_aif.png">21c000544fc428b41b4aa87255e1f223e6d0e1bf</checksum>
	<checksum file="plugins/Files/icons/file_extension_dvf.png">2194444d12022b678e9248f557780dd234f161b0</checksum>
	<checksum file="plugins/Files/icons/file_extension_dll.png">3ac04e8ca210daaebab29cf5f81e5e694c6acc2e</checksum>
	<checksum file="plugins/Files/icons/file_extension_exe.png">3b9be929f94d22a96a297706696a4b698c0b84d8</checksum>
	<checksum file="plugins/Files/icons/file_extension_jpeg.png">cbd65d9ad7ee143f8a1faf0807899be9e13c0fe2</checksum>
	<checksum file="plugins/Files/icons/file_extension_xpi.png">3869250e944bfc512a3b8fa50020b9895605544c</checksum>
	<checksum file="plugins/Files/icons/file_extension_torrent.png">f1e342a720bcf578618fde68e755e6c712f57c79</checksum>
	<checksum file="plugins/Files/icons/file_extension_sea.png">d9c6e0ca9bcb0024023dcc36a4e1c4b873eb3811</checksum>
	<checksum file="plugins/Files/icons/file_extension_vcd.png">7670c6aefe9c7244889739e47fa36cd181c29647</checksum>
	<checksum file="plugins/Files/icons/file_extension_mpg.png">5a57db5b1c1e5c503fcd10e2dbe64675d8d6dd3f</checksum>
	<checksum file="plugins/Files/icons/file_extension_html.png">a699eba2247f765e2b340fbca20f9538660784d6</checksum>
	<checksum file="plugins/Files/icons/file_extension_bin.png">dcbce58f450421b4626f28961122d7617b1d11d0</checksum>
	<checksum file="plugins/Files/icons/file_extension_m4a.png">9b9abda6a457d0911c8a3bb2ccc5f813f1b87a7d</checksum>
	<checksum file="plugins/Files/icons/file_extension_iso.png">84ed4ca4744e0daf09af8a7d2f1ed68dada22a6d</checksum>
	<checksum file="plugins/Files/icons/file_extension_wma.png">6cd8dceda73f119a4d9141e7d10ff2bd59036c7a</checksum>
	<checksum file="plugins/Files/icons/file_extension_doc.png">78f54868e885596bde69de3661b0fe0e75f2555c</checksum>
	<checksum file="plugins/Files/icons/file_extension_swf.png">152d58472b490485a8c35a610858ea802b325a4a</checksum>
	<checksum file="plugins/Files/icons/file_extension_lnk.png">65e2c19ac261e76db77ac375d57934003520be6c</checksum>
	<checksum file="plugins/Files/icons/file_extension_wps.png">183a8e7f72cee294ba964463837f9c899485d23a</checksum>
	<checksum file="plugins/Files/icons/file_extension_txt.png">8db413c75a5056baef520e853639fe498c439b08</checksum>
	<checksum file="plugins/Files/icons/file_extension_htm.png">46a25b07c78a6e5e601a033b87e086faf47688e3</checksum>
	<checksum file="plugins/Files/icons/file_extension_pdf.png">7b17b9a7645d10e50cb8955de4dfe8d5763c90dd</checksum>
	<checksum file="plugins/Files/icons/file_extension_mpeg.png">5fa37f491ecbaf1f89ee66d6c80d1aba7436f625</checksum>
	<checksum file="plugins/Files/DateiGUI.class.php">057a3d7abd66ae7efbc6a27c190db1a92a71184d</checksum>
	<checksum file="plugins/Files/move.png">aa62e19424b85c0592315916817caf1d64ec694c</checksum>
	<checksum file="plugins/Files/CI.pfdb.php">b70c2b7a7394441e58c53704a3c9717c5cd6f377</checksum>
	<checksum file="plugins/Userdata/plugin.xml">48ae3becef70851919a5ae53b2a98ec00096c52d</checksum>
	<checksum file="plugins/Userdata/Userdata.js">1bc9a23e7f571cea3f9c9cea57ed78c8fdafecaa</checksum>
	<checksum file="plugins/Userdata/UserdataGUI.class.php">3ff80650cd58bd57754b9b607bf63479647ed68d</checksum>
	<checksum file="plugins/Userdata/mUserdataGUI.class.php">32c49fbfcf9ccf8414aa2d6137f734721a05f338</checksum>
	<checksum file="plugins/Userdata/Userdata.class.php">e016fe67ac26b2e5514f8af7a00d9e97323508f1</checksum>
	<checksum file="plugins/Userdata/Userdata_en_US.class.php">ea28c7d0c51323e4ea5798e1a7e1bb4c571a0df3</checksum>
	<checksum file="plugins/Userdata/mUserdata.class.php">e6f729f063b75634b0a1046357e68ee5579089c1</checksum>
	<checksum file="plugins/Userdata/CI.pfdb.php">bda5c6675d2ac6784062b55d1c5af64d3c266e08</checksum>
	<checksum file="plugins/Users/plugin.xml">5b1fd61766ba6b8054bad179ab10f83e4525c8de</checksum>
	<checksum file="plugins/Users/User_en_US.class.php">76a35e860a9d2cd2ba1178d573637e66c7c7022a</checksum>
	<checksum file="plugins/Users/certificateLogin.png">522d0b27689ff9fed23c12f32b1e72d606cfd6bf</checksum>
	<checksum file="plugins/Users/User_de_DE.class.php">a1b56e4ad6d20441cebd2ee7b6815fdbe63b2109</checksum>
	<checksum file="plugins/Users/UserGUI.class.php">880cb6d3fb7d67ed8a055555c80b6519544a52aa</checksum>
	<checksum file="plugins/Users/CI.pfdb.php">5566557c19b3d69aa356972ecf190733f4b5b2c7</checksum>
	<checksum file="plugins/Installation/plugin.xml">fb0696af336445f23a1a88f27d09c9c46a4670e5</checksum>
	<checksum file="plugins/Installation/abmelden.png">e827298e5ae1aa9bf9ac61e2e78d48088b5fdf01</checksum>
	<checksum file="plugins/Installation/mInstallation.class.php">3df01189aa803303c177478114ae8f59c21aef6d</checksum>
	<checksum file="plugins/Installation/Installation.js">6f78c22a2115855eebcaf70f443a6f41de926a2a</checksum>
	<checksum file="plugins/Installation/benutzer.png">c8e6b8606e097082e5d8cddbe83d0d72a6d80d84</checksum>
	<checksum file="plugins/Installation/setup.png">dcf1576a5ec83a2beb467110dfd8a1e88fa7ec92</checksum>
	<checksum file="plugins/Installation/bigLoader.png">e94d886a68a8a33c1e4a44425eb898a5bf88deb7</checksum>
	<checksum file="plugins/Installation/mInstallationGUI.class.php">cb3fecfa09c7750218a072ddc9821f506abe7a5f</checksum>
	<checksum file="plugins/Installation/aktualisieren.png">ba56bbe3aea4ad835c2d5c540894d9944ecf2796</checksum>
	<checksum file="plugins/Installation/cronjob.php">fef817c756e383d42077373a5485657068b3f91d</checksum>
	<checksum file="plugins/Installation/Installation.class.php">cb5c7382f7fce0d87b53b750faa26291a0c38ede</checksum>
	<checksum file="plugins/Installation/InstallationGUI.class.php">1d0f2b14e83f1cb9f86ed2d725b19bf9ea41f6d5</checksum>
	<checksum file="plugins/Installation/serverMail.png">c04d4ba37de83ea1dbc9cb61e608e95c015d33c8</checksum>
	<checksum file="plugins/Installation/changedb.png">07ddfdf91852368436f754b2e4a3148f4a398d63</checksum>
	<checksum file="plugins/Installation/recheck.png">a551dc898a413141130d44585206614e93552725</checksum>
	<checksum file="plugins/Installation/restore.png">71082412cd4e34d290aef2a9b1dd3d1c8a4ac347</checksum>
	<checksum file="plugins/Installation/Installation_en_US.class.php">82b4fe4b40bd50bb60515972fd2a177d422dbaa6</checksum>
	<checksum file="plugins/Installation/CI.class.php">c964b90d4dd07461d9603c9928a96a691b886589</checksum>
	<checksum file="plugins/Installation/CIs.class.php">dabc4fb480c53556066909b606e5712bba603cd7</checksum>
	<checksum file="applications/trinityDBApplication.class.php">c5bfe3d6ae3ac469b425e52680289714936b4c7f</checksum>
	<checksum file="images/openBRTLogo.png">e095faf126777d2aa3fa1d7005499f41aaa4fafa</checksum>
	<checksum file="images/i2/telephone.png">d17b5ef0662bc31fb2213eaf9e4b4242c5cb21b5</checksum>
	<checksum file="images/i2/link.png">f0e95a2b6b526c936276a1dc3cd27d0a0982de72</checksum>
	<checksum file="images/i2/okCatch.png">860c95933aab4b9e78ed650bdb2092cd2207c3b3</checksum>
	<checksum file="images/i2/mail.png">9e650f6dba2b1dca2f65856a6d57ace19369a77a</checksum>
	<checksum file="images/i2/settings.png">7ad6326ec9b0d6e7348d361dbde29b7b90a04efb</checksum>
	<checksum file="images/i2/calc.png">16e73ea55d4da4fc35ec1b480e79286586b4ac4e</checksum>
	<checksum file="images/i2/kundenpreis.png">cf75bdb4a1580ed18c0920e1ea092896585ae8b9</checksum>
	<checksum file="images/i2/refresh.png">9f9d82ae29055c9f49c38b5f9cd821e3bf02e37f</checksum>
	<checksum file="images/i2/tabMinimize.png">d35f836f4b0e11a7ca1afd9b9cb211c3c163ea90</checksum>
	<checksum file="images/i2/pdf.gif">5c86ce170a4b5a390f7991eec90ccc90e91815c6</checksum>
	<checksum file="images/i2/mobile.png">4a8e9ed27e53ab5f26198b77fca05e8fb3ac78dc</checksum>
	<checksum file="images/i2/printer.png">e67a2dae8fcafe6f0de69555dc101c33871edea4</checksum>
	<checksum file="images/i2/save.gif">8e39ae103749d29411e4246d27cc7626fbda2198</checksum>
	<checksum file="images/i2/new.gif">0970deb4e05d83f378591babad2e5be0f32020ec</checksum>
	<checksum file="images/i2/stop.png">cf20522b1ea027321aa3b38b1b7f8d06a225e878</checksum>
	<checksum file="images/i2/rss.gif">9de457cc9b482152c01388946260ba4b2bb0f01c</checksum>
	<checksum file="images/i2/fax.png">b5e7917f74bbd429059e155d7dc35e02ae96be34</checksum>
	<checksum file="images/i2/ok.gif">6e7473060b26bcadb723c524a0d90992ba82abf8</checksum>
	<checksum file="images/i2/moveLeftRight.png">4e68c43492c553f3e427ebc20b5d19bddbfbbf56</checksum>
	<checksum file="images/i2/list.gif">3c92db8cf8e3e97565ff086b15f94ceed610a7e8</checksum>
	<checksum file="images/i2/flowers.gif">50b2349664407854477293c87d2215b19e01c51d</checksum>
	<checksum file="images/i2/topdown.png">52d288194df564875a6a908248602ff6af51403b</checksum>
	<checksum file="images/i2/logout.png">f842a88ed1875b68f73e5ab39730834a51bddd79</checksum>
	<checksum file="images/i2/add.png">8d6949b8b2fd626d7c2426a3e4b0db3ca45af06d</checksum>
	<checksum file="images/i2/restriction.png">ca49bb716f99656e0574803153be0418e89bc4d7</checksum>
	<checksum file="images/i2/provision.png">51b5dc9cb5f3dfca6a5f3b025342d148009b8afe</checksum>
	<checksum file="images/i2/hilfe.png">43bbc3d387a8b82e539c9a05ac38d5c2948f7632</checksum>
	<checksum file="images/i2/stats.png">74ffa92adebec62a1eed376219ec52df4419c6ef</checksum>
	<checksum file="images/i2/export.png">75d1b582e58d2b5170e5995dd67da1cfe02b889d</checksum>
	<checksum file="images/i2/searchFilter.png">c76ff9030278d5f7c71b7d30500792e9c9e7150e</checksum>
	<checksum file="images/i2/go-up.png">fa42c022dc0b92eb513a2c403b5a9989ff1a65bb</checksum>
	<checksum file="images/i2/neu.gif">27770719db1297b36efbbf930367ce76fcef77ff</checksum>
	<checksum file="images/i2/sprache.png">b69949c928c43b4d80f7a15c386a13637bf655fe</checksum>
	<checksum file="images/i2/calendar.gif">b0201ddeab9071591e65a1ea092b07851296f3cc</checksum>
	<checksum file="images/i2/print.gif">76d5994ff00061c6da3f85c0764918606f66b288</checksum>
	<checksum file="images/i2/printerO.png">8c274ab81f1288fb64a651faa5d8fe8a9a3ebff0</checksum>
	<checksum file="images/i2/kunde.png">e6ce170e8e0ff75077f5a15579e0fd7466b60824</checksum>
	<checksum file="images/i2/personal.png">7eae228784c49c6a22e720f7bb7f22df1a7d83c5</checksum>
	<checksum file="images/i2/folder.png">dfd836edb59702a62475b8eddd72784df9debb0d</checksum>
	<checksum file="images/i2/details.png">733a12c5af15a94b71f34bf8860138411ab81488</checksum>
	<checksum file="images/i2/colorSmall.png">7d145a11ba45447c4d759a5da1cc8eb3a4660958</checksum>
	<checksum file="images/i2/bestaetigung.png">e5dc240526a2908bf6cbbffb6fcb765f9302322f</checksum>
	<checksum file="images/i2/edit.png">786fd214a7bdb174d80077c6f18a86246a8d3ec4</checksum>
	<checksum file="images/i2/printerK.png">4522aa9e1569c2140ec750f812d155074ef5976c</checksum>
	<checksum file="images/i2/empty.png">088f5460215410b3cb8bacda846159f92d298043</checksum>
	<checksum file="images/i2/lieferschein.png">6b58480f3b3b8e6a310b0da00fa604f58560b70a</checksum>
	<checksum file="images/i2/tab.png">dd3505c1bd5e58fa0e3457afffce7d68fabe662a</checksum>
	<checksum file="images/i2/insert.png">a8de597168ca2d9ccac6bd0394b8cf2bf41dae29</checksum>
	<checksum file="images/i2/go-down.png">ff24eb7b600a4d7e5187c7882206a9e2923385e6</checksum>
	<checksum file="images/i2/event_birthday_gray.gif">d65b5e11acbd600430d916a5a626f7a3b0b67779</checksum>
	<checksum file="images/i2/notok.gif">b8670829a84fe7169b47da342a4c096f537e30f3</checksum>
	<checksum file="images/i2/email.png">cb343ee5a09b8fbb4ace962e9f0bc31c2e98250e</checksum>
	<checksum file="images/i2/clear.png">d1cd8ae8601d98c6f643f54a987a555890733d92</checksum>
	<checksum file="images/i2/search.png">4c526b7af1d71eb1d6507e9c68b3514a50c59ed3</checksum>
	<checksum file="images/i2/delete.gif">7d07b389e081d134c07c2c65d9640b182515dcc2</checksum>
	<checksum file="images/i2/printeds.png">dad83cac9a368ea9e2a00fbdac1dce8990fffa8f</checksum>
	<checksum file="images/i2/birthday.gif">efbcdc095232b5636cdaed15f7272a8a3ed2df3d</checksum>
	<checksum file="images/i2/redo.png">6128921c743a9959baa2591dd9b29e9d22ed8194</checksum>
	<checksum file="images/i2/book.gif">e109a8657cb1930e21b560f2f719d1820c226a37</checksum>
	<checksum file="images/i2/copy.png">d965d1891007ea9a6b23cc9fc2f658525ad4719b</checksum>
	<checksum file="images/i2/mailed.png">c745fe68946ac6a64c85463aefad99e2754aa892</checksum>
	<checksum file="images/i2/neverok.gif">ba15f8008e6b1ef6e232a79909637b30d5a0b331</checksum>
	<checksum file="images/i2/keys.png">d015e6463328452211eba3be1e553eb90d1ad48c</checksum>
	<checksum file="images/i2/relabel.png">d83144c06b42a13fd83ddca8d25942b4a9efa128</checksum>
	<checksum file="images/i2/cart.png">1ad664c106b9a63d1cb88b5f54f8e641e6ff7c34</checksum>
	<checksum file="images/i2/bericht.png">726e469081a2a753fd0964e4fa5d622bb6de4a6e</checksum>
	<checksum file="images/i2/event_birthday.gif">efbcdc095232b5636cdaed15f7272a8a3ed2df3d</checksum>
	<checksum file="images/i2/find.gif">396b70e3dac5ea183da6f2420d29a2fc1dfad3ba</checksum>
	<checksum file="images/i2/note.png">edaae331d968ea9404b3b134d31f5591721b3bd3</checksum>
	<checksum file="images/IPKarteiLogo.png">311b0c436a342560a1d3793b0c8b6c243652da30</checksum>
	<checksum file="images/loading.png">29389ba4c323c1364367ce744177dfb21efbae9e</checksum>
	<checksum file="images/phynxLogo.png">27d1ca66dc57e135737f6bcc59b395a2ca8fe6f8</checksum>
	<checksum file="images/loading128.png">9827806f6015c278226f3f5885b2d35e6e40a4dd</checksum>
	<checksum file="images/openGWLogo.png">b89df8ebd63d7565f92e4ccd7ae4b8a64bb93723</checksum>
	<checksum file="images/selectedIcon.png">763fd7b009c81065fa6fec926ce589be4c177c95</checksum>
	<checksum file="images/open3ALogo.png">c520b64d1da47be2cdbcf60f7b91e1e3d5d5265b</checksum>
	<checksum file="images/big/sad.png">f2b592bc9b2538ffd993cd939364d47943bf8ba1</checksum>
	<checksum file="images/big/auftrag.png">0e05b25d051916ce2901d57a3ffc72a91cee7b98</checksum>
	<checksum file="images/big/belege.png">1d601cdcb4b72508da17186d8279df9e06907179</checksum>
	<checksum file="images/big/adresse.png">8f811302eb44c567ec4437ef95e92feb5832ce92</checksum>
	<checksum file="images/big/newsletter.png">d20b7d829438f1ad80887fb3a833a97e1d029ea3</checksum>
	<checksum file="images/big/notice.png">28d0384b995e867a6cc4cf02d6aed6839002936a</checksum>
	<checksum file="images/big/personal.png">3aa49169cd11813228818e1d6219211fc480d229</checksum>
	<checksum file="images/big/internet.png">754d9beeacd6b63b90bf60493ff9e46a6e67d9b8</checksum>
	<checksum file="images/big/help.png">566856692ce3908ac15c8482ecf11349ce9fda95</checksum>
	<checksum file="images/big/thanks.png">c6ef5ae53add25c95b54c474a6753ef2909ef835</checksum>
	<checksum file="images/big/artikel.png">2d1279da96d1db8f1f807f8e4c6ba0fc57447f5d</checksum>
	<checksum file="images/big/warnung.png">0df90f1234c3345c8665ebd2ccd4d77ee27b03ea</checksum>
	<checksum file="images/big/supportedby.png">8f8333b63a86a1eb33cb4d614cc36d63aabe434e</checksum>
	<checksum file="images/background/Standard.png">b57e9a4062927a1285683d3396f7f826f7e151da</checksum>
	<checksum file="images/open3ALogoBlue.png">0a7cb2229c087a1a50af0237f4573f13b1411912</checksum>
	<checksum file="images/navbg.png">e2bc922f9d3c589df426cd7dd6da388388dda085</checksum>
	<checksum file="images/navi/document.png">a5ed695b4fb605c5d97c15adde8e6f7af339261e</checksum>
	<checksum file="images/navi/okCatch.png">ea2f89ea7bff52016849a8fc38f8225cdd487a58</checksum>
	<checksum file="images/navi/mail.png">bf01b82b0a817d2ff0339765fc61bda3436d5914</checksum>
	<checksum file="images/navi/back.png">85de1a88ebc1073e0a2d0f665a20ee1b4f7c0f8a</checksum>
	<checksum file="images/navi/home.png">f844b69c8b4ab89ccadde4582972862054ccd457</checksum>
	<checksum file="images/navi/office.png">6ae8324504e30193695dd0d8fb14f55dd333376f</checksum>
	<checksum file="images/navi/refresh.png">47e38d576c8864617ff9aa901eaf1a95fa7cd5a1</checksum>
	<checksum file="images/navi/package.png">41381c5ff98702520f75e342d99fb11fb48e1a3b</checksum>
	<checksum file="images/navi/down.png">d97a60a585980c1cf04f9e22798877ae2c4c22bb</checksum>
	<checksum file="images/navi/application.png">5d1a1fdf69fb12d9e6e80cc2bcba2f86cc91c9a6</checksum>
	<checksum file="images/navi/tea.png">92e7d6d2668acacda9bc967c55cd726ca36b8737</checksum>
	<checksum file="images/navi/text.png">b4ee83fc6d92f6107cbc3983a8c3f3f8cbb2e149</checksum>
	<checksum file="images/navi/printer.png">71c7b55c8ed7ecc23b541aeacd7c9de799bee622</checksum>
	<checksum file="images/navi/save.png">bfa6cf516a8d3b9855965486af5b6c146a2c8c6c</checksum>
	<checksum file="images/navi/kalkulation.png">24e1d4465e7337a77bf04b97a7b1251bc39972d7</checksum>
	<checksum file="images/navi/manager.png">13b93f4d7ed0ad6699af55f1e1616ac314a3c267</checksum>
	<checksum file="images/navi/editor.png">25c454a6c3c51ec43e4df88bcb94ce6cb2c03c6f</checksum>
	<checksum file="images/navi/kunden.png">688271360ccbfbb9805b0be36ba7e9c76001b598</checksum>
	<checksum file="images/navi/domain.png">88a1e5682d8d062437f4e16b7ea7b6236e3f61ef</checksum>
	<checksum file="images/navi/anfrage.png">036d6fd58145d964b02f683e03fb74edc047d07a</checksum>
	<checksum file="images/navi/deployment.png">fb0ffa92165af902446fa60c44d5daf8380a5280</checksum>
	<checksum file="images/navi/etiketten.png">423a0d8e82e75de3b2800a22dc7b0027d62cbf61</checksum>
	<checksum file="images/navi/newWindow.png">50818d4764d232758e041e481bd1c82193719b8c</checksum>
	<checksum file="images/navi/gutschrift.png">8a7256d8c1318c7af81e1a11ecc976f6810f30ee</checksum>
	<checksum file="images/navi/index.png">cd02603d181f3ce29c3460ed98fe3e1573eda446</checksum>
	<checksum file="images/navi/stop.png">8e6a8743156e3a42ea2a5682220563e39d45ec57</checksum>
	<checksum file="images/navi/dashboard.png">e947a4548a4e1cd74cacd9e14c58221619178719</checksum>
	<checksum file="images/navi/editb.png">7743c036a7b1b207cf195d576366fbc7934b884a</checksum>
	<checksum file="images/navi/mahnung.png">1651fd467229f47a58b44a9c7d844fed2a29e66f</checksum>
	<checksum file="images/navi/1xAddress.png">fa5c205cb62bc412e17ab232b4be4b2d454b121c</checksum>
	<checksum file="images/navi/uebersicht.png">e5291f17624e9e3e5d27b833729b1f5f47a6e636</checksum>
	<checksum file="images/navi/seiten.png">b09ae6af36885a02e6316b95895c53cf7f5baee2</checksum>
	<checksum file="images/navi/provision.png">256d41aa18c81a573bad70227a9f1565bf0cb63a</checksum>
	<checksum file="images/navi/hilfe.png">6d855dcf8d049bd0da428d0e22fd4b6cb3914321</checksum>
	<checksum file="images/navi/stats.png">e75629806afdb979740bef2c7fa8ba41864c0bb6</checksum>
	<checksum file="images/navi/rechnungNew.png">6b42a697951aa831e3cfc68f7b9df5b6c80914e7</checksum>
	<checksum file="images/navi/script.png">efba1131ef1b09fe7d3ab543ca9b5826c6f6192a</checksum>
	<checksum file="images/navi/notice.png">335612baf98832a9e3a59c679d51ac88cfa8baae</checksum>
	<checksum file="images/navi/export.png">0d29e25ed9ce78dbcbc21f2ab18b723604a74889</checksum>
	<checksum file="images/navi/restrictions.png">a0136455db482e9e22e1a84bc8a087836c1a8c22</checksum>
	<checksum file="images/navi/warning.png">e6fe1a4f09a458b7837ca63717296c734d132756</checksum>
	<checksum file="images/navi/computer.png">4a3d18c6d76c1bcb6d810874a25befb4d1bead10</checksum>
	<checksum file="images/navi/sprache.png">d9bb671cad092bece9e8b6e869b3de8944e3862f</checksum>
	<checksum file="images/navi/plugins.png">bd68581bc9c5bc052491b8d05e18b00499f3b1d4</checksum>
	<checksum file="images/navi/template.png">7eef94bf78c553437ab72cd146e3c42ed03740f9</checksum>
	<checksum file="images/navi/calendar.png">408b8535237fa7ce6fb78ed45544c0f7c207914f</checksum>
	<checksum file="images/navi/printed.png">89e586566b57ebf981833a65305f5d66f3932196</checksum>
	<checksum file="images/navi/personal.png">8e561e297acacc200d41c51be5b7ca5d5a07f6c3</checksum>
	<checksum file="images/navi/lastschrift.png">aeb4902f3c6ef05069d2ad0f86265e4ef245afb5</checksum>
	<checksum file="images/navi/desktop.png">1de42ad318e112fddad3089a99039c9060bea855</checksum>
	<checksum file="images/navi/daytime.png">cc2f12ef7cd2c9318a350aad8c38ee17d05d9271</checksum>
	<checksum file="images/navi/bestaetigung.png">ef714c23ed809e2205fdb0f1bba403253294f166</checksum>
	<checksum file="images/navi/edit.png">5445af62f7b5044e79c50649d63b69d2383d0a2f</checksum>
	<checksum file="images/navi/disk.png">79ab5f63355de3f50a7f80ddbf7596179d18c069</checksum>
	<checksum file="images/navi/liste.png">fa37f08ea2750f145a29802a77f17e1655391c4e</checksum>
	<checksum file="images/navi/empty.png">0ddbbf575164785754a69b4faa23a9f335af7f90</checksum>
	<checksum file="images/navi/lieferschein.png">52dab6cae318a9e7eb6856484ec8fbe277e705d3</checksum>
	<checksum file="images/navi/tab.png">dd217ea0a47cc0afda1634a0057cd34752358a8d</checksum>
	<checksum file="images/navi/import.png">f82e89b1bf6cac42f6b5d2d62e8994362cebd5db</checksum>
	<checksum file="images/navi/angebot.png">f59a4533669bec388072a7b100723c597c57a58c</checksum>
	<checksum file="images/navi/up.png">3b724cbbbb07005e679df10a755149d0c5731bde</checksum>
	<checksum file="images/navi/subfromlist.png">034e94205623455f6624ea8cd298f79cf5e11a82</checksum>
	<checksum file="images/navi/users.png">8bce0a4eafc20741f3bc4aaaee061814d5e3a28f</checksum>
	<checksum file="images/navi/navigation.png">e3e3e9ba7078dab8111d36bf97f26a94b2b42991</checksum>
	<checksum file="images/navi/clear.png">f5f231a45f7b88e921e2027445bbfcb3ad0e5404</checksum>
	<checksum file="images/navi/drive.png">302810d8810a9016dd2da34cda4ea5e833a5d1a8</checksum>
	<checksum file="images/navi/redo.png">fabeba5d0f440782ae277fd5feb4f2501c6112e6</checksum>
	<checksum file="images/navi/address.png">013f8ed008f59bbc30addfa92dba7f30d4c0d10f</checksum>
	<checksum file="images/navi/downloads.png">c20760f9b3d2073cf9af50fcaeb76909954a1169</checksum>
	<checksum file="images/navi/new.png">5c583293789d6a951c16b62b9dd7bcdb79dba05f</checksum>
	<checksum file="images/navi/rechnung.png">8c72b809abe949ad33bd0f19fc7cf6a2ee9ff7d0</checksum>
	<checksum file="images/navi/mailed.png">d6d9e7f999a73047fdcc09e647c6193649ca6ae8</checksum>
	<checksum file="images/navi/trash.png">0a2da31912a1ffeaaf12f99caf94c8439eb6353b</checksum>
	<checksum file="images/navi/keys.png">64bdc6d01faea4f00279e35e760d817550b83e5e</checksum>
	<checksum file="images/navi/bestellung.png">0cb25e20d29f6e00149ef0631f039a9c2e5d43d6</checksum>
	<checksum file="images/navi/pdf.png">458d22c3556166f11e05d5277dd47e045376a9e0</checksum>
	<checksum file="images/navi/relabel.png">4e52032fce727152486932309b7032e6f13ad9a6</checksum>
	<checksum file="images/navi/svg.png">8172143133170c9308aeaeab1a7624d6c1bdda1f</checksum>
	<checksum file="images/navi/update.png">1d023ad852d036a254a0ac9f734c3300be9a4729</checksum>
	<checksum file="images/navi/backup.png">c65b6b28ae5a2b52070d796349150ca723a6df5e</checksum>
	<checksum file="images/navi/addtolist.png">246fb3409a0f9fef4bcdb016fe04810655235a97</checksum>
	<checksum file="images/navi/bericht.png">cd02603d181f3ce29c3460ed98fe3e1573eda446</checksum>
	<checksum file="images/navi/1xPosten.png">77d4d7870c8051fe7d7583b8b03199337cc3b6c8</checksum>
	<checksum file="images/navi/tracker.png">1c470ced39d82f2058dccce7e82a3806c3e3f511</checksum>
	<checksum file="images/navi/system.png">04a6d3057839fe069da4546317452accae6fedc4</checksum>
	<checksum file="images/html5.png">68b4be09f43a64b45b0a6e372eefcfe5bca237b1</checksum>
	<checksum file="images/lightCRMLogo.png">0a1a3007c6e4df9a40cd8bb9a04f0787854b6f87</checksum>
	<checksum file="images/persona.png">3644b3904ecceebd5bb63202a58c74087f9a21bd</checksum>
	<checksum file="images/loading.svg">4571bb4aa04b7e04e369dfa4fde83fb0b7c84341</checksum>
	<checksum file="images/FHSFavicon.ico">750ca2b7a794fdb1544e02324f7cf64106a10b96</checksum>
	<checksum file="images/multiCMSLogo.png">7226e2b59d331a2888ca5efaf66cc8082c52cb4d</checksum>
	<checksum file="styles/lightBlue/colors.css">e0c723c4c63e9104bd9c947332ea77abe3959b26</checksum>
	<checksum file="styles/yellow/colors.css">d9d7218dc59317b1100ad87c7299bc433a664fd6</checksum>
	<checksum file="styles/standard/navigation.css">3577418a612095ac2f74128c1ae2c2fdb0f45939</checksum>
	<checksum file="styles/standard/autoCompletion.css">fadbad8835d60da9512a2f879ebba496248bf727</checksum>
	<checksum file="styles/standard/iconic_stroke.ttf">1c9609b1856ad8cd8c5b21b49459a19dec2f226b</checksum>
	<checksum file="styles/standard/iconic_stroke.eot">32857c97d9845f2b75e5731051408ded32d1ebf6</checksum>
	<checksum file="styles/standard/general.css">837f97001f1f529a6a93c9b80ce43d14e999aa7e</checksum>
	<checksum file="styles/standard/fixed.css">6f3aacaeaa9fee3348847db80a84d21eb2dcf742</checksum>
	<checksum file="styles/standard/phynxContextMenu.css">42a96cb3106a147bfc4c1c1ad078fe88715fa19a</checksum>
	<checksum file="styles/standard/desktop.css">d9be2875aaad1eee888619c002818e4ae7c2d1b1</checksum>
	<checksum file="styles/standard/vertical.css">d503d7798001d626a22d62bbb5e90fbbfffa433d</checksum>
	<checksum file="styles/standard/TextEditor.css">4cfefc1e3a3464939637a541c531ddefbfded46e</checksum>
	<checksum file="styles/standard/colors.css">25c1352bc6cf96dd07aec638ab52e648c8801932</checksum>
	<checksum file="styles/standard/overlayBox.css">4be455f8d3aa09d0a1f9cfa603c32e1d8710a15a</checksum>
	<checksum file="styles/standard/frames.css">6d3a025529a403bc75c109c95cace900de8987a7</checksum>
	<checksum file="styles/grey/colors.css">fd6eeaad527e3a02eadee0bcd4e85092f88b0aff</checksum>
	<checksum file="styles/layout.xsl">93b8aadcd15c4e0aa254f631527dfb0b29ab7038</checksum>
	<checksum file="styles/orange/colors.css">b64d085a928f03f8684478614d6983dcef5eaf13</checksum>
	<checksum file="styles/blue/colors.css">0bb494bb42bad949cc67984cfd4a6f77a9694060</checksum>
	<checksum file="styles/green/colors.css">2418fa3cc676a5bf8549155ece12665523cdd737</checksum>
	<checksum file="javascript/Menu.js">28909adedb296f63c1344af3015cff730a7de314</checksum>
	<checksum file="javascript/DesktopLink.js">4eaafc20c29b0dccea05b3c0c8129718c95b16f6</checksum>
	<checksum file="javascript/Aspect.js">995cdaddae034451f9a7ac154d3ae71e373af14c</checksum>
	<checksum file="javascript/DynamicJS.php">ee0ed3d2d3bb472eececda5f0bc9b215c428b73c</checksum>
	<checksum file="javascript/phynxContextMenu.js">eadbfb4ae854ee676d4fb358ca3c6207b3577f4a</checksum>
	<checksum file="javascript/Overlay.js">792faa711c42691d076ec0d19613e529d57bbb42</checksum>
	<checksum file="javascript/userControl.js">5b7116fd687725b8bf50af8b76ee8fb3ea0aef4c</checksum>
	<checksum file="javascript/Interface.js">f18aace9d78970ad5a4ddc5bd4d0596b9951e0e2</checksum>
	<checksum file="javascript/Util.js">95b4cf9c8322d71ec429c67b1159fcaf490a5ca2</checksum>
	<checksum file="javascript/contentManager.js">173d04e29a68ab4ee560c9ca8a6a1a3c456bd8a5</checksum>
	<checksum file="javascript/Popup.js">6cdd8ce79c1f3ae5a04dcdbd51981980dce0e44d</checksum>
	<checksum file="javascript/autoComplete.js">9e8db645340f6976ec3ea7ec89d00f0925db9e69</checksum>
	<checksum file="javascript/Observer.js">1dce2225ce6d289ad3bc0c2eeda0cce1e426fcc5</checksum>
	<checksum file="javascript/P2J.js">3fc25a5018c0bd4f3155f2ef8ff27fcda4eaf463</checksum>
	<checksum file="javascript/Registry.js">83f82a32025fb3606119963df28f9f21890d72ea</checksum>
	<checksum file="javascript/notificationArea.js">825357ac39af27ad118ea5df0952febaf73617ec</checksum>
	<checksum file="javascript/handler.js">d87822867b8755056f9a860d3e5e1a8c049e6a79</checksum>
	<checksum file="trinityDB/mprettifyDBLinkPlugin.xml">3492f853bd878d9a8667cc5593259a77805009c6</checksum>
	<checksum file="trinityDB/JD/plugin.xml">85455829b1b03ed8c44b13bc4fe1c9ebea8b0382</checksum>
	<checksum file="trinityDB/JD/JDownload.class.php">822d781cce7da912fc1feaa88a83893aacc1da9b</checksum>
	<checksum file="trinityDB/JD/rss.png">052e11c8bc348f26788102a38ee686a2f16dcb58</checksum>
	<checksum file="trinityDB/JD/JD.png">7a25acf45dff042ab2d147fb8d27d322922da55c</checksum>
	<checksum file="trinityDB/JD/JDownloadGUI.class.php">d70ba07ec1dabe0841350103e8753d50e5fecf93</checksum>
	<checksum file="trinityDB/JD/exportRSS.php">0d8a4c392c30f8db864d0d6ea76a67a23e358f82</checksum>
	<checksum file="trinityDB/JD/iLinkParser.class.php">9b9f1d02f2a77d6ba0670b9b4c54002b1d6e7471</checksum>
	<checksum file="trinityDB/JD/wgetDL.sh">9b912f211b6405b262e17331d04d1d78ce2c703b</checksum>
	<checksum file="trinityDB/JD/mJDGUI.class.php">98ea8159ac85a733beb6ce0054f054f06fe6b5d4</checksum>
	<checksum file="trinityDB/JD/mJDownloadGUI.class.php">4bba3397fa0005a83d2a0ae35257effaa6b8ce9c</checksum>
	<checksum file="trinityDB/JD/JDGUI.class.php">0638ae8100c9328c73ebf31069b999dede92299f</checksum>
	<checksum file="trinityDB/JD/JD.class.php">178c21bf800be7c97bf3031df2009eac8381eb52</checksum>
	<checksum file="trinityDB/JD/LPPremiumize.class.php">c13f36f3d7712c1e44ff83bd46a6f21fb3c532f4</checksum>
	<checksum file="trinityDB/JD/testLink.png">473d40af870eb4bf31e18d1d6d314448e1c935ed</checksum>
	<checksum file="trinityDB/JD/trinityDBDesktopGUI.class.php">2b90b86aeb58fa44f3d8d2d14cf5cfd1ccb2addd</checksum>
	<checksum file="trinityDB/JD/LPRealDebrid.class.php">d06cb45c3b3bbf5338c3e056295ab0b5eb91730f</checksum>
	<checksum file="trinityDB/JD/CI.pfdb.php">d637e033a8103e79eeccb90759854f412ed17d01</checksum>
	<checksum file="trinityDB/Incoming/plugin.xml">6f144c119494333047951fa069a86e6d5c07183f</checksum>
	<checksum file="trinityDB/Incoming/Incoming.png">aa62e19424b85c0592315916817caf1d64ec694c</checksum>
	<checksum file="trinityDB/Incoming/mIncomingPrettifyGUI.class.php">6904b587d81442aae3e66d58f5bab0d28a231be7</checksum>
	<checksum file="trinityDB/Incoming/mIncomingGUI.class.php">f97f269a1a8152018ea11f493b19894503e03b71</checksum>
	<checksum file="trinityDB/Incoming/IncomingPrettify.class.php">18abe2451e8ce4580ef080de6a7061ef50931bce</checksum>
	<checksum file="trinityDB/Incoming/IncomingGUI.class.php">a63d7967dc1cb1f2643697944946dd74a1afc201</checksum>
	<checksum file="trinityDB/Incoming/mIncoming.class.php">3c6141f827b5b8c95958e6a2fa37231d8746fb07</checksum>
	<checksum file="trinityDB/Incoming/Incoming.class.php">b563df31789806c67e8079a516b47736d4e6badc</checksum>
	<checksum file="trinityDB/Incoming/CI.pfdb.php">9c7b8a1fbbe11dd0930bb812b0f6e747f2bde15f</checksum>
	<checksum file="trinityDB/Incoming/IncomingPrettifyGUI.class.php">9e71469ab9cad0bf12eddabfca81b9e86460e833</checksum>
	<checksum file="trinityDB/Incoming/prettify.png">87e2d1e359becc7e4ff253694a8012c34d8e3f7d</checksum>
	<checksum file="trinityDB/Incoming/SetFolder.png">44899d0b6112ccedad21560c389c61b66c244f5a</checksum>
	<checksum file="trinityDB/RSSFilter/plugin.xml">972833633df45236149d11fb3cd1d214c68a6a24</checksum>
	<checksum file="trinityDB/RSSFilter/RSSFilter.png">c172fd45de9fd6af07de50bce1d6855e90ade5e0</checksum>
	<checksum file="trinityDB/RSSFilter/RSSFilterGUI.class.php">08a0829b7dfad6662581d6fe0fcd62d80cabd633</checksum>
	<checksum file="trinityDB/RSSFilter/mRSSFilterGUI.class.php">fb4bd47daf27cd0cbc79ec3db766cc3f5a1b755d</checksum>
	<checksum file="trinityDB/RSSFilter/iFeedFilter.class.php">9fae9ef8e1b338645f8a136303a8125720b5f1fd</checksum>
	<checksum file="trinityDB/RSSFilter/FeedFilterSJorg.class.php">b097fa1de70bdd70eee261d707489f49bd370d8e</checksum>
	<checksum file="trinityDB/RSSFilter/FeedFilter1DDL.class.php">c2996b728fbd8e59be064f211f0da04e0a25ea53</checksum>
	<checksum file="trinityDB/RSSFilter/RSSFilter.class.php">d762e69b6067922906edb5b4b7ffe214bcd36deb</checksum>
	<checksum file="trinityDB/RSSFilter/FeedEntry.class.php">7ac2a7fb6c1581b8d7c028bd1f249855970d5ff1</checksum>
	<checksum file="trinityDB/RSSFilter/Filtered.png">b176d1623126fe95ed0c0c03529495d6c0c643af</checksum>
	<checksum file="trinityDB/RSSFilter/FilteredFeed.php">4e470f8bb3df17743d6390d1f75607b5d1362d17</checksum>
	<checksum file="trinityDB/RSSFilter/CI.pfdb.php">26b2c7f6ae59db3ecd17005de31db1e3c1a36942</checksum>
	<checksum file="trinityDB/RSSFilter/FeedFilterRM.class.php">36f8e53226ef5feb98d1f4996c7ee9e1d1f555ab</checksum>
	<checksum file="trinityDB/NewSeries/plugin.xml">6bd6d8cc7ca034169542c9294ca675d6ce92f1c9</checksum>
	<checksum file="trinityDB/NewSeries/NewSeries.png">bd862d0e87d482cdbb8cacddb3a211d74f6bff19</checksum>
	<checksum file="trinityDB/NewSeries/NewSeriesGUI.class.php">43818a21e738d299fd90dad56405093ceaa6e14b</checksum>
	<checksum file="trinityDB/NewSeries/mNewSeriesGUI.class.php">01cabed23f916d4b1692f97b9596c899a22367f6</checksum>
	<checksum file="trinityDB/NewSeries/NewSeries.class.php">6a0433f23144c2b88ea9b513370656f91f4d02f6</checksum>
	<checksum file="trinityDB/NewSeries/CI.pfdb.php">18dcf01cd4e18bd3761ae55428e91f3859175ec7</checksum>
	<checksum file="trinityDB/mKalenderLinkPlugin.xml">1800f0486a7d2ce159ba3c662099971c5850b5c5</checksum>
	<checksum file="trinityDB/Serien/plugin.xml">46bb2c7135c80c3d12a1051179f626f479bd2b05</checksum>
	<checksum file="trinityDB/Serien/FolgeGUI.class.php">2803536dbeb73ef7d66f8f615edf58550c1eb8e6</checksum>
	<checksum file="trinityDB/Serien/CCSerien.class.php">a0a65960ab5a866beeb3194f3dcce5a25593b6b6</checksum>
	<checksum file="trinityDB/Serien/thetvdbcomAdapter.class.php">c3ad79c679c566b60335d9c9ee63954d20303ba0</checksum>
	<checksum file="trinityDB/Serien/Updates.png">5b14e38a343d7ba8bc0b631b9f1c24816f77e0ac</checksum>
	<checksum file="trinityDB/Serien/unzip.exe">0fd9a61bf9a361f87661de295e70a9c6795fe6a1</checksum>
	<checksum file="trinityDB/Serien/Serie.class.php">f570a604f1c7d59bf1e40bbeec7a3d668009d508</checksum>
	<checksum file="trinityDB/Serien/mSerieGUI.class.php">12ffeb9567b3041532cb785d3e816b94f8f5bd95</checksum>
	<checksum file="trinityDB/Serien/EpguideAdapter.class.php">f533a8d7b8cdcb2232bae5f49232aa4a90c46927</checksum>
	<checksum file="trinityDB/Serien/SerieGUI.class.php">a0fcd965092bd588f56d3a76741e017753937ded</checksum>
	<checksum file="trinityDB/Serien/trinityDB.png">a664ed55f4373bed5685cca260c99de25734d67a</checksum>
	<checksum file="trinityDB/Serien/mFolgeGUI.class.php">2cc46dc45c2d567e27c5f2ea381fb149f8b21808</checksum>
	<checksum file="trinityDB/Serien/iEpguideAdapter.class.php">436663355c4532918be2a85fada0709d623fe53c</checksum>
	<checksum file="trinityDB/Serien/Serien.png">41eb281d7a5136043898e8b6a364aa72939a7d7d</checksum>
	<checksum file="trinityDB/Serien/Folge.png">003e71ffa3a4dc52c9a5f75e51e242988eabc812</checksum>
	<checksum file="trinityDB/Serien/CI.pfdb.php">d1d806acba5fd0f92ebe45fc88e9379b16ce381e</checksum>
	<checksum file="trinityDB/Serien/Folge.class.php">c95ce5496dedf426a25d915a5069cfa4b0942a91</checksum>
	<checksum file="gpl.txt">8624bcdae55baeef00cd11d5dfcfa60f68710a02</checksum>
</phynx>