<?xml version="1.0" encoding="UTF-8" ?>
<Actors>
<Actor>
  <id>17720</id>
  <Image>actors/17720.jpg</Image>
  <Name>Richard Dean Anderson</Name>
  <Role>Col./Gen. Jack O'Neill</Role>
  <SortOrder>0</SortOrder>
</Actor>
<Actor>
  <id>17722</id>
  <Image>actors/17722.jpg</Image>
  <Name>Amanda Tapping</Name>
  <Role>Capt./Maj. Samantha Carter</Role>
  <SortOrder>1</SortOrder>
</Actor>
<Actor>
  <id>17726</id>
  <Image>actors/17726.jpg</Image>
  <Name>Christopher Judge</Name>
  <Role>Teal'c</Role>
  <SortOrder>2</SortOrder>
</Actor>
<Actor>
  <id>77848</id>
  <Image>actors/77848.jpg</Image>
  <Name>Gary Jones</Name>
  <Role>Walter Harriman</Role>
  <SortOrder>3</SortOrder>
</Actor>
<Actor>
  <id>77847</id>
  <Image>actors/77847.jpg</Image>
  <Name>Teryl Rothery</Name>
  <Role>Dr./Maj. Janet Fraiser</Role>
  <SortOrder>3</SortOrder>
</Actor>
<Actor>
  <id>77720</id>
  <Image>actors/77720.jpg</Image>
  <Name>Claudia Black</Name>
  <Role>Vala Mal Doran</Role>
  <SortOrder>3</SortOrder>
</Actor>
<Actor>
  <id>218251</id>
  <Image>actors/218251.jpg</Image>
  <Name>Tony Amendola</Name>
  <Role>Master Bra'tac</Role>
  <SortOrder>3</SortOrder>
</Actor>
<Actor>
  <id>218241</id>
  <Image>actors/218241.jpg</Image>
  <Name>Carmen Argenziano</Name>
  <Role>Jacob Carter|Selmac</Role>
  <SortOrder>3</SortOrder>
</Actor>
<Actor>
  <id>17725</id>
  <Image>actors/17725.jpg</Image>
  <Name>Ben Browder</Name>
  <Role>Lt. Col. Cameron Mitchell</Role>
  <SortOrder>3</SortOrder>
</Actor>
<Actor>
  <id>17724</id>
  <Image>actors/17724.jpg</Image>
  <Name>Corin Nemec</Name>
  <Role>Jonas Quinn</Role>
  <SortOrder>3</SortOrder>
</Actor>
<Actor>
  <id>17723</id>
  <Image>actors/17723.jpg</Image>
  <Name>Michael Shanks</Name>
  <Role>Dr. Daniel Jackson</Role>
  <SortOrder>3</SortOrder>
</Actor>
<Actor>
  <id>17721</id>
  <Image>actors/17721.jpg</Image>
  <Name>Don S. Davis</Name>
  <Role>Gen. George S. Hammond </Role>
  <SortOrder>3</SortOrder>
</Actor>
<Actor>
  <id>17719</id>
  <Image>actors/17719.jpg</Image>
  <Name>Beau Bridges</Name>
  <Role>Maj. Gen. Henry &quot;Hank&quot; Landry</Role>
  <SortOrder>3</SortOrder>
</Actor>
</Actors>