<?xml version="1.0" encoding="UTF-8" ?>
<Banners>
<Banner>
  <id>23908</id>
  <BannerPath>fanart/original/72449-6.jpg</BannerPath>
  <BannerType>fanart</BannerType>
  <BannerType2>1280x720</BannerType2>
  <Colors>|136,149,131|59,56,51|45,42,37|</Colors>
  <Language>en</Language>
  <Rating>7.2500</Rating>
  <RatingCount>4</RatingCount>
  <SeriesName>false</SeriesName>
  <ThumbnailPath>_cache/fanart/original/72449-6.jpg</ThumbnailPath>
  <VignettePath>fanart/vignette/72449-6.jpg</VignettePath>
</Banner>
<Banner>
  <id>20146</id>
  <BannerPath>fanart/original/72449-1.jpg</BannerPath>
  <BannerType>fanart</BannerType>
  <BannerType2>1280x720</BannerType2>
  <Colors>|255,255,255|33,23,21|119,141,155|</Colors>
  <Language>en</Language>
  <Rating>7.0769</Rating>
  <RatingCount>13</RatingCount>
  <SeriesName>false</SeriesName>
  <ThumbnailPath>_cache/fanart/original/72449-1.jpg</ThumbnailPath>
  <VignettePath>fanart/vignette/72449-1.jpg</VignettePath>
</Banner>
<Banner>
  <id>55481</id>
  <BannerPath>fanart/original/72449-22.jpg</BannerPath>
  <BannerType>fanart</BannerType>
  <BannerType2>1280x720</BannerType2>
  <Colors>|241,169,131|11,5,17|70,59,39|</Colors>
  <Language>en</Language>
  <Rating>7.0000</Rating>
  <RatingCount>8</RatingCount>
  <SeriesName>false</SeriesName>
  <ThumbnailPath>_cache/fanart/original/72449-22.jpg</ThumbnailPath>
  <VignettePath>fanart/vignette/72449-22.jpg</VignettePath>
</Banner>
<Banner>
  <id>126281</id>
  <BannerPath>fanart/original/72449-66.jpg</BannerPath>
  <BannerType>fanart</BannerType>
  <BannerType2>1920x1080</BannerType2>
  <Colors></Colors>
  <Language>de</Language>
  <Rating>7.0000</Rating>
  <RatingCount>2</RatingCount>
  <SeriesName>false</SeriesName>
  <ThumbnailPath>_cache/fanart/original/72449-66.jpg</ThumbnailPath>
  <VignettePath>fanart/vignette/72449-66.jpg</VignettePath>
</Banner>
<Banner>
  <id>25066</id>
  <BannerPath>fanart/original/72449-4.jpg</BannerPath>
  <BannerType>fanart</BannerType>
  <BannerType2>1920x1080</BannerType2>
  <Colors></Colors>
  <Language>en</Language>
  <Rating>6.6667</Rating>
  <RatingCount>6</RatingCount>
  <SeriesName>false</SeriesName>
  <ThumbnailPath>_cache/fanart/original/72449-4.jpg</ThumbnailPath>
  <VignettePath>fanart/vignette/72449-4.jpg</VignettePath>
</Banner>
<Banner>
  <id>23909</id>
  <BannerPath>fanart/original/72449-7.jpg</BannerPath>
  <BannerType>fanart</BannerType>
  <BannerType2>1280x720</BannerType2>
  <Colors></Colors>
  <Language>en</Language>
  <Rating>6.5000</Rating>
  <RatingCount>4</RatingCount>
  <SeriesName>false</SeriesName>
  <ThumbnailPath>_cache/fanart/original/72449-7.jpg</ThumbnailPath>
  <VignettePath>fanart/vignette/72449-7.jpg</VignettePath>
</Banner>
<Banner>
  <id>22509</id>
  <BannerPath>fanart/original/72449-3.jpg</BannerPath>
  <BannerType>fanart</BannerType>
  <BannerType2>1920x1080</BannerType2>
  <Colors>|158,142,108|31,22,23|59,51,48|</Colors>
  <Language>en</Language>
  <Rating>6.4000</Rating>
  <RatingCount>5</RatingCount>
  <SeriesName>false</SeriesName>
  <ThumbnailPath>_cache/fanart/original/72449-3.jpg</ThumbnailPath>
  <VignettePath>fanart/vignette/72449-3.jpg</VignettePath>
</Banner>
<Banner>
  <id>31869</id>
  <BannerPath>fanart/original/72449-9.jpg</BannerPath>
  <BannerType>fanart</BannerType>
  <BannerType2>1280x720</BannerType2>
  <Colors>|255,255,255|9,14,18|142,167,189|</Colors>
  <Language>en</Language>
  <Rating>6.4000</Rating>
  <RatingCount>5</RatingCount>
  <SeriesName>false</SeriesName>
  <ThumbnailPath>_cache/fanart/original/72449-9.jpg</ThumbnailPath>
  <VignettePath>fanart/vignette/72449-9.jpg</VignettePath>
</Banner>
<Banner>
  <id>32439</id>
  <BannerPath>fanart/original/72449-10.jpg</BannerPath>
  <BannerType>fanart</BannerType>
  <BannerType2>1280x720</BannerType2>
  <Colors>|252,254,241|2,2,2|231,187,158|</Colors>
  <Language>en</Language>
  <Rating>5.6667</Rating>
  <RatingCount>6</RatingCount>
  <SeriesName>false</SeriesName>
  <ThumbnailPath>_cache/fanart/original/72449-10.jpg</ThumbnailPath>
  <VignettePath>fanart/vignette/72449-10.jpg</VignettePath>
</Banner>
<Banner>
  <id>691721</id>
  <BannerPath>fanart/original/72449-67.jpg</BannerPath>
  <BannerType>fanart</BannerType>
  <BannerType2>1280x720</BannerType2>
  <Colors></Colors>
  <Language>en</Language>
  <Rating>5.5000</Rating>
  <RatingCount>2</RatingCount>
  <SeriesName>false</SeriesName>
  <ThumbnailPath>_cache/fanart/original/72449-67.jpg</ThumbnailPath>
  <VignettePath>fanart/vignette/72449-67.jpg</VignettePath>
</Banner>
<Banner>
  <id>23910</id>
  <BannerPath>fanart/original/72449-8.jpg</BannerPath>
  <BannerType>fanart</BannerType>
  <BannerType2>1280x720</BannerType2>
  <Colors>|217,204,188|181,153,152|195,170,140|</Colors>
  <Language>en</Language>
  <Rating>4.5000</Rating>
  <RatingCount>4</RatingCount>
  <SeriesName>false</SeriesName>
  <ThumbnailPath>_cache/fanart/original/72449-8.jpg</ThumbnailPath>
  <VignettePath>fanart/vignette/72449-8.jpg</VignettePath>
</Banner>
<Banner>
  <id>90431</id>
  <BannerPath>fanart/original/72449-65.jpg</BannerPath>
  <BannerType>fanart</BannerType>
  <BannerType2>1280x720</BannerType2>
  <Colors></Colors>
  <Language>en</Language>
  <Rating>4.5000</Rating>
  <RatingCount>2</RatingCount>
  <SeriesName>true</SeriesName>
  <ThumbnailPath>_cache/fanart/original/72449-65.jpg</ThumbnailPath>
  <VignettePath>fanart/vignette/72449-65.jpg</VignettePath>
</Banner>
<Banner>
  <id>66601</id>
  <BannerPath>fanart/original/72449-64.jpg</BannerPath>
  <BannerType>fanart</BannerType>
  <BannerType2>1280x720</BannerType2>
  <Colors></Colors>
  <Language>en</Language>
  <Rating>4.2000</Rating>
  <RatingCount>5</RatingCount>
  <SeriesName>false</SeriesName>
  <ThumbnailPath>_cache/fanart/original/72449-64.jpg</ThumbnailPath>
  <VignettePath>fanart/vignette/72449-64.jpg</VignettePath>
</Banner>
<Banner>
  <id>23907</id>
  <BannerPath>fanart/original/72449-5.jpg</BannerPath>
  <BannerType>fanart</BannerType>
  <BannerType2>1280x720</BannerType2>
  <Colors>|107,97,85|33,30,25|248,249,243|</Colors>
  <Language>en</Language>
  <Rating>3.6667</Rating>
  <RatingCount>3</RatingCount>
  <SeriesName>false</SeriesName>
  <ThumbnailPath>_cache/fanart/original/72449-5.jpg</ThumbnailPath>
  <VignettePath>fanart/vignette/72449-5.jpg</VignettePath>
</Banner>
<Banner>
  <id>20443</id>
  <BannerPath>fanart/original/72449-2.jpg</BannerPath>
  <BannerType>fanart</BannerType>
  <BannerType2>1280x720</BannerType2>
  <Colors>|247,229,215|21,72,119|104,103,83|</Colors>
  <Language>en</Language>
  <Rating>3.3333</Rating>
  <RatingCount>3</RatingCount>
  <SeriesName>false</SeriesName>
  <ThumbnailPath>_cache/fanart/original/72449-2.jpg</ThumbnailPath>
  <VignettePath>fanart/vignette/72449-2.jpg</VignettePath>
</Banner>
<Banner>
  <id>55391</id>
  <BannerPath>fanart/original/72449-13.jpg</BannerPath>
  <BannerType>fanart</BannerType>
  <BannerType2>1280x720</BannerType2>
  <Colors></Colors>
  <Language>en</Language>
  <Rating>1.0000</Rating>
  <RatingCount>2</RatingCount>
  <SeriesName>false</SeriesName>
  <ThumbnailPath>_cache/fanart/original/72449-13.jpg</ThumbnailPath>
  <VignettePath>fanart/vignette/72449-13.jpg</VignettePath>
</Banner>
<Banner>
  <id>55581</id>
  <BannerPath>fanart/original/72449-32.jpg</BannerPath>
  <BannerType>fanart</BannerType>
  <BannerType2>1280x720</BannerType2>
  <Colors></Colors>
  <Language>en</Language>
  <Rating>1.0000</Rating>
  <RatingCount>1</RatingCount>
  <SeriesName>false</SeriesName>
  <ThumbnailPath>_cache/fanart/original/72449-32.jpg</ThumbnailPath>
  <VignettePath>fanart/vignette/72449-32.jpg</VignettePath>
</Banner>
<Banner>
  <id>55401</id>
  <BannerPath>fanart/original/72449-14.jpg</BannerPath>
  <BannerType>fanart</BannerType>
  <BannerType2>1280x720</BannerType2>
  <Colors></Colors>
  <Language>en</Language>
  <Rating>1.0000</Rating>
  <RatingCount>2</RatingCount>
  <SeriesName>false</SeriesName>
  <ThumbnailPath>_cache/fanart/original/72449-14.jpg</ThumbnailPath>
  <VignettePath>fanart/vignette/72449-14.jpg</VignettePath>
</Banner>
<Banner>
  <id>55381</id>
  <BannerPath>fanart/original/72449-12.jpg</BannerPath>
  <BannerType>fanart</BannerType>
  <BannerType2>1280x720</BannerType2>
  <Colors></Colors>
  <Language>en</Language>
  <Rating>1.0000</Rating>
  <RatingCount>1</RatingCount>
  <SeriesName>false</SeriesName>
  <ThumbnailPath>_cache/fanart/original/72449-12.jpg</ThumbnailPath>
  <VignettePath>fanart/vignette/72449-12.jpg</VignettePath>
</Banner>
<Banner>
  <id>55441</id>
  <BannerPath>fanart/original/72449-18.jpg</BannerPath>
  <BannerType>fanart</BannerType>
  <BannerType2>1280x720</BannerType2>
  <Colors></Colors>
  <Language>en</Language>
  <Rating>1.0000</Rating>
  <RatingCount>1</RatingCount>
  <SeriesName>false</SeriesName>
  <ThumbnailPath>_cache/fanart/original/72449-18.jpg</ThumbnailPath>
  <VignettePath>fanart/vignette/72449-18.jpg</VignettePath>
</Banner>
<Banner>
  <id>55591</id>
  <BannerPath>fanart/original/72449-33.jpg</BannerPath>
  <BannerType>fanart</BannerType>
  <BannerType2>1280x720</BannerType2>
  <Colors></Colors>
  <Language>en</Language>
  <Rating>1.0000</Rating>
  <RatingCount>1</RatingCount>
  <SeriesName>false</SeriesName>
  <ThumbnailPath>_cache/fanart/original/72449-33.jpg</ThumbnailPath>
  <VignettePath>fanart/vignette/72449-33.jpg</VignettePath>
</Banner>
<Banner>
  <id>55411</id>
  <BannerPath>fanart/original/72449-15.jpg</BannerPath>
  <BannerType>fanart</BannerType>
  <BannerType2>1280x720</BannerType2>
  <Colors></Colors>
  <Language>en</Language>
  <Rating>1.0000</Rating>
  <RatingCount>2</RatingCount>
  <SeriesName>false</SeriesName>
  <ThumbnailPath>_cache/fanart/original/72449-15.jpg</ThumbnailPath>
  <VignettePath>fanart/vignette/72449-15.jpg</VignettePath>
</Banner>
<Banner>
  <id>55631</id>
  <BannerPath>fanart/original/72449-36.jpg</BannerPath>
  <BannerType>fanart</BannerType>
  <BannerType2>1280x720</BannerType2>
  <Colors></Colors>
  <Language>en</Language>
  <Rating>1.0000</Rating>
  <RatingCount>1</RatingCount>
  <SeriesName>false</SeriesName>
  <ThumbnailPath>_cache/fanart/original/72449-36.jpg</ThumbnailPath>
  <VignettePath>fanart/vignette/72449-36.jpg</VignettePath>
</Banner>
<Banner>
  <id>56191</id>
  <BannerPath>fanart/original/72449-63.jpg</BannerPath>
  <BannerType>fanart</BannerType>
  <BannerType2>1280x720</BannerType2>
  <Colors></Colors>
  <Language>en</Language>
  <Rating>1.0000</Rating>
  <RatingCount>1</RatingCount>
  <SeriesName>false</SeriesName>
  <ThumbnailPath>_cache/fanart/original/72449-63.jpg</ThumbnailPath>
  <VignettePath>fanart/vignette/72449-63.jpg</VignettePath>
</Banner>
<Banner>
  <id>55541</id>
  <BannerPath>fanart/original/72449-28.jpg</BannerPath>
  <BannerType>fanart</BannerType>
  <BannerType2>1280x720</BannerType2>
  <Colors></Colors>
  <Language>en</Language>
  <Rating>1.0000</Rating>
  <RatingCount>2</RatingCount>
  <SeriesName>false</SeriesName>
  <ThumbnailPath>_cache/fanart/original/72449-28.jpg</ThumbnailPath>
  <VignettePath>fanart/vignette/72449-28.jpg</VignettePath>
</Banner>
<Banner>
  <id>55551</id>
  <BannerPath>fanart/original/72449-29.jpg</BannerPath>
  <BannerType>fanart</BannerType>
  <BannerType2>1280x720</BannerType2>
  <Colors></Colors>
  <Language>en</Language>
  <Rating>1.0000</Rating>
  <RatingCount>1</RatingCount>
  <SeriesName>false</SeriesName>
  <ThumbnailPath>_cache/fanart/original/72449-29.jpg</ThumbnailPath>
  <VignettePath>fanart/vignette/72449-29.jpg</VignettePath>
</Banner>
<Banner>
  <id>55561</id>
  <BannerPath>fanart/original/72449-30.jpg</BannerPath>
  <BannerType>fanart</BannerType>
  <BannerType2>1280x720</BannerType2>
  <Colors></Colors>
  <Language>en</Language>
  <Rating>1.0000</Rating>
  <RatingCount>2</RatingCount>
  <SeriesName>false</SeriesName>
  <ThumbnailPath>_cache/fanart/original/72449-30.jpg</ThumbnailPath>
  <VignettePath>fanart/vignette/72449-30.jpg</VignettePath>
</Banner>
<Banner>
  <id>55571</id>
  <BannerPath>fanart/original/72449-31.jpg</BannerPath>
  <BannerType>fanart</BannerType>
  <BannerType2>1280x720</BannerType2>
  <Colors></Colors>
  <Language>en</Language>
  <Rating>1.0000</Rating>
  <RatingCount>1</RatingCount>
  <SeriesName>false</SeriesName>
  <ThumbnailPath>_cache/fanart/original/72449-31.jpg</ThumbnailPath>
  <VignettePath>fanart/vignette/72449-31.jpg</VignettePath>
</Banner>
<Banner>
  <id>56171</id>
  <BannerPath>fanart/original/72449-61.jpg</BannerPath>
  <BannerType>fanart</BannerType>
  <BannerType2>1280x720</BannerType2>
  <Colors></Colors>
  <Language>en</Language>
  <Rating>1.0000</Rating>
  <RatingCount>1</RatingCount>
  <SeriesName>false</SeriesName>
  <ThumbnailPath>_cache/fanart/original/72449-61.jpg</ThumbnailPath>
  <VignettePath>fanart/vignette/72449-61.jpg</VignettePath>
</Banner>
<Banner>
  <id>55531</id>
  <BannerPath>fanart/original/72449-27.jpg</BannerPath>
  <BannerType>fanart</BannerType>
  <BannerType2>1280x720</BannerType2>
  <Colors></Colors>
  <Language>en</Language>
  <Rating>1.0000</Rating>
  <RatingCount>2</RatingCount>
  <SeriesName>false</SeriesName>
  <ThumbnailPath>_cache/fanart/original/72449-27.jpg</ThumbnailPath>
  <VignettePath>fanart/vignette/72449-27.jpg</VignettePath>
</Banner>
<Banner>
  <id>55521</id>
  <BannerPath>fanart/original/72449-26.jpg</BannerPath>
  <BannerType>fanart</BannerType>
  <BannerType2>1280x720</BannerType2>
  <Colors></Colors>
  <Language>en</Language>
  <Rating></Rating>
  <RatingCount>0</RatingCount>
  <SeriesName>false</SeriesName>
  <ThumbnailPath>_cache/fanart/original/72449-26.jpg</ThumbnailPath>
  <VignettePath>fanart/vignette/72449-26.jpg</VignettePath>
</Banner>
<Banner>
  <id>55651</id>
  <BannerPath>fanart/original/72449-38.jpg</BannerPath>
  <BannerType>fanart</BannerType>
  <BannerType2>1280x720</BannerType2>
  <Colors></Colors>
  <Language>en</Language>
  <Rating></Rating>
  <RatingCount>0</RatingCount>
  <SeriesName>false</SeriesName>
  <ThumbnailPath>_cache/fanart/original/72449-38.jpg</ThumbnailPath>
  <VignettePath>fanart/vignette/72449-38.jpg</VignettePath>
</Banner>
<Banner>
  <id>56161</id>
  <BannerPath>fanart/original/72449-60.jpg</BannerPath>
  <BannerType>fanart</BannerType>
  <BannerType2>1280x720</BannerType2>
  <Colors></Colors>
  <Language>en</Language>
  <Rating></Rating>
  <RatingCount>0</RatingCount>
  <SeriesName>false</SeriesName>
  <ThumbnailPath>_cache/fanart/original/72449-60.jpg</ThumbnailPath>
  <VignettePath>fanart/vignette/72449-60.jpg</VignettePath>
</Banner>
<Banner>
  <id>55641</id>
  <BannerPath>fanart/original/72449-37.jpg</BannerPath>
  <BannerType>fanart</BannerType>
  <BannerType2>1280x720</BannerType2>
  <Colors></Colors>
  <Language>en</Language>
  <Rating></Rating>
  <RatingCount>0</RatingCount>
  <SeriesName>false</SeriesName>
  <ThumbnailPath>_cache/fanart/original/72449-37.jpg</ThumbnailPath>
  <VignettePath>fanart/vignette/72449-37.jpg</VignettePath>
</Banner>
<Banner>
  <id>56131</id>
  <BannerPath>fanart/original/72449-57.jpg</BannerPath>
  <BannerType>fanart</BannerType>
  <BannerType2>1280x720</BannerType2>
  <Colors></Colors>
  <Language>en</Language>
  <Rating></Rating>
  <RatingCount>0</RatingCount>
  <SeriesName>false</SeriesName>
  <ThumbnailPath>_cache/fanart/original/72449-57.jpg</ThumbnailPath>
  <VignettePath>fanart/vignette/72449-57.jpg</VignettePath>
</Banner>
<Banner>
  <id>32440</id>
  <BannerPath>fanart/original/72449-11.jpg</BannerPath>
  <BannerType>fanart</BannerType>
  <BannerType2>1280x720</BannerType2>
  <Colors>|226,234,237|3,1,2|163,172,143|</Colors>
  <Language>en</Language>
  <Rating></Rating>
  <RatingCount>0</RatingCount>
  <SeriesName>false</SeriesName>
  <ThumbnailPath>_cache/fanart/original/72449-11.jpg</ThumbnailPath>
  <VignettePath>fanart/vignette/72449-11.jpg</VignettePath>
</Banner>
<Banner>
  <id>56151</id>
  <BannerPath>fanart/original/72449-59.jpg</BannerPath>
  <BannerType>fanart</BannerType>
  <BannerType2>1920x1080</BannerType2>
  <Colors></Colors>
  <Language>en</Language>
  <Rating></Rating>
  <RatingCount>0</RatingCount>
  <SeriesName>false</SeriesName>
  <ThumbnailPath>_cache/fanart/original/72449-59.jpg</ThumbnailPath>
  <VignettePath>fanart/vignette/72449-59.jpg</VignettePath>
</Banner>
<Banner>
  <id>55471</id>
  <BannerPath>fanart/original/72449-21.jpg</BannerPath>
  <BannerType>fanart</BannerType>
  <BannerType2>1280x720</BannerType2>
  <Colors></Colors>
  <Language>en</Language>
  <Rating></Rating>
  <RatingCount>0</RatingCount>
  <SeriesName>false</SeriesName>
  <ThumbnailPath>_cache/fanart/original/72449-21.jpg</ThumbnailPath>
  <VignettePath>fanart/vignette/72449-21.jpg</VignettePath>
</Banner>
<Banner>
  <id>55501</id>
  <BannerPath>fanart/original/72449-24.jpg</BannerPath>
  <BannerType>fanart</BannerType>
  <BannerType2>1280x720</BannerType2>
  <Colors></Colors>
  <Language>en</Language>
  <Rating></Rating>
  <RatingCount>0</RatingCount>
  <SeriesName>false</SeriesName>
  <ThumbnailPath>_cache/fanart/original/72449-24.jpg</ThumbnailPath>
  <VignettePath>fanart/vignette/72449-24.jpg</VignettePath>
</Banner>
<Banner>
  <id>55681</id>
  <BannerPath>fanart/original/72449-41.jpg</BannerPath>
  <BannerType>fanart</BannerType>
  <BannerType2>1920x1080</BannerType2>
  <Colors></Colors>
  <Language>en</Language>
  <Rating></Rating>
  <RatingCount>0</RatingCount>
  <SeriesName>false</SeriesName>
  <ThumbnailPath>_cache/fanart/original/72449-41.jpg</ThumbnailPath>
  <VignettePath>fanart/vignette/72449-41.jpg</VignettePath>
</Banner>
<Banner>
  <id>56111</id>
  <BannerPath>fanart/original/72449-55.jpg</BannerPath>
  <BannerType>fanart</BannerType>
  <BannerType2>1920x1080</BannerType2>
  <Colors></Colors>
  <Language>en</Language>
  <Rating></Rating>
  <RatingCount>0</RatingCount>
  <SeriesName>false</SeriesName>
  <ThumbnailPath>_cache/fanart/original/72449-55.jpg</ThumbnailPath>
  <VignettePath>fanart/vignette/72449-55.jpg</VignettePath>
</Banner>
<Banner>
  <id>55761</id>
  <BannerPath>fanart/original/72449-49.jpg</BannerPath>
  <BannerType>fanart</BannerType>
  <BannerType2>1280x720</BannerType2>
  <Colors></Colors>
  <Language>en</Language>
  <Rating></Rating>
  <RatingCount>0</RatingCount>
  <SeriesName>false</SeriesName>
  <ThumbnailPath>_cache/fanart/original/72449-49.jpg</ThumbnailPath>
  <VignettePath>fanart/vignette/72449-49.jpg</VignettePath>
</Banner>
<Banner>
  <id>55461</id>
  <BannerPath>fanart/original/72449-20.jpg</BannerPath>
  <BannerType>fanart</BannerType>
  <BannerType2>1280x720</BannerType2>
  <Colors></Colors>
  <Language>en</Language>
  <Rating></Rating>
  <RatingCount>0</RatingCount>
  <SeriesName>false</SeriesName>
  <ThumbnailPath>_cache/fanart/original/72449-20.jpg</ThumbnailPath>
  <VignettePath>fanart/vignette/72449-20.jpg</VignettePath>
</Banner>
<Banner>
  <id>56101</id>
  <BannerPath>fanart/original/72449-54.jpg</BannerPath>
  <BannerType>fanart</BannerType>
  <BannerType2>1280x720</BannerType2>
  <Colors></Colors>
  <Language>en</Language>
  <Rating></Rating>
  <RatingCount>0</RatingCount>
  <SeriesName>false</SeriesName>
  <ThumbnailPath>_cache/fanart/original/72449-54.jpg</ThumbnailPath>
  <VignettePath>fanart/vignette/72449-54.jpg</VignettePath>
</Banner>
<Banner>
  <id>55781</id>
  <BannerPath>fanart/original/72449-51.jpg</BannerPath>
  <BannerType>fanart</BannerType>
  <BannerType2>1280x720</BannerType2>
  <Colors></Colors>
  <Language>en</Language>
  <Rating></Rating>
  <RatingCount>0</RatingCount>
  <SeriesName>false</SeriesName>
  <ThumbnailPath>_cache/fanart/original/72449-51.jpg</ThumbnailPath>
  <VignettePath>fanart/vignette/72449-51.jpg</VignettePath>
</Banner>
<Banner>
  <id>55491</id>
  <BannerPath>fanart/original/72449-23.jpg</BannerPath>
  <BannerType>fanart</BannerType>
  <BannerType2>1280x720</BannerType2>
  <Colors></Colors>
  <Language>en</Language>
  <Rating></Rating>
  <RatingCount>0</RatingCount>
  <SeriesName>false</SeriesName>
  <ThumbnailPath>_cache/fanart/original/72449-23.jpg</ThumbnailPath>
  <VignettePath>fanart/vignette/72449-23.jpg</VignettePath>
</Banner>
<Banner>
  <id>56141</id>
  <BannerPath>fanart/original/72449-58.jpg</BannerPath>
  <BannerType>fanart</BannerType>
  <BannerType2>1280x720</BannerType2>
  <Colors></Colors>
  <Language>en</Language>
  <Rating></Rating>
  <RatingCount>0</RatingCount>
  <SeriesName>false</SeriesName>
  <ThumbnailPath>_cache/fanart/original/72449-58.jpg</ThumbnailPath>
  <VignettePath>fanart/vignette/72449-58.jpg</VignettePath>
</Banner>
<Banner>
  <id>55451</id>
  <BannerPath>fanart/original/72449-19.jpg</BannerPath>
  <BannerType>fanart</BannerType>
  <BannerType2>1280x720</BannerType2>
  <Colors></Colors>
  <Language>en</Language>
  <Rating></Rating>
  <RatingCount>0</RatingCount>
  <SeriesName>false</SeriesName>
  <ThumbnailPath>_cache/fanart/original/72449-19.jpg</ThumbnailPath>
  <VignettePath>fanart/vignette/72449-19.jpg</VignettePath>
</Banner>
<Banner>
  <id>55721</id>
  <BannerPath>fanart/original/72449-45.jpg</BannerPath>
  <BannerType>fanart</BannerType>
  <BannerType2>1920x1080</BannerType2>
  <Colors></Colors>
  <Language>en</Language>
  <Rating></Rating>
  <RatingCount>0</RatingCount>
  <SeriesName>false</SeriesName>
  <ThumbnailPath>_cache/fanart/original/72449-45.jpg</ThumbnailPath>
  <VignettePath>fanart/vignette/72449-45.jpg</VignettePath>
</Banner>
<Banner>
  <id>55711</id>
  <BannerPath>fanart/original/72449-44.jpg</BannerPath>
  <BannerType>fanart</BannerType>
  <BannerType2>1280x720</BannerType2>
  <Colors></Colors>
  <Language>en</Language>
  <Rating></Rating>
  <RatingCount>0</RatingCount>
  <SeriesName>false</SeriesName>
  <ThumbnailPath>_cache/fanart/original/72449-44.jpg</ThumbnailPath>
  <VignettePath>fanart/vignette/72449-44.jpg</VignettePath>
</Banner>
<Banner>
  <id>55751</id>
  <BannerPath>fanart/original/72449-48.jpg</BannerPath>
  <BannerType>fanart</BannerType>
  <BannerType2>1280x720</BannerType2>
  <Colors></Colors>
  <Language>en</Language>
  <Rating></Rating>
  <RatingCount>0</RatingCount>
  <SeriesName>false</SeriesName>
  <ThumbnailPath>_cache/fanart/original/72449-48.jpg</ThumbnailPath>
  <VignettePath>fanart/vignette/72449-48.jpg</VignettePath>
</Banner>
<Banner>
  <id>56081</id>
  <BannerPath>fanart/original/72449-52.jpg</BannerPath>
  <BannerType>fanart</BannerType>
  <BannerType2>1280x720</BannerType2>
  <Colors></Colors>
  <Language>en</Language>
  <Rating></Rating>
  <RatingCount>0</RatingCount>
  <SeriesName>false</SeriesName>
  <ThumbnailPath>_cache/fanart/original/72449-52.jpg</ThumbnailPath>
  <VignettePath>fanart/vignette/72449-52.jpg</VignettePath>
</Banner>
<Banner>
  <id>56091</id>
  <BannerPath>fanart/original/72449-53.jpg</BannerPath>
  <BannerType>fanart</BannerType>
  <BannerType2>1920x1080</BannerType2>
  <Colors></Colors>
  <Language>en</Language>
  <Rating></Rating>
  <RatingCount>0</RatingCount>
  <SeriesName>false</SeriesName>
  <ThumbnailPath>_cache/fanart/original/72449-53.jpg</ThumbnailPath>
  <VignettePath>fanart/vignette/72449-53.jpg</VignettePath>
</Banner>
<Banner>
  <id>55691</id>
  <BannerPath>fanart/original/72449-42.jpg</BannerPath>
  <BannerType>fanart</BannerType>
  <BannerType2>1920x1080</BannerType2>
  <Colors></Colors>
  <Language>en</Language>
  <Rating></Rating>
  <RatingCount>0</RatingCount>
  <SeriesName>false</SeriesName>
  <ThumbnailPath>_cache/fanart/original/72449-42.jpg</ThumbnailPath>
  <VignettePath>fanart/vignette/72449-42.jpg</VignettePath>
</Banner>
<Banner>
  <id>56181</id>
  <BannerPath>fanart/original/72449-62.jpg</BannerPath>
  <BannerType>fanart</BannerType>
  <BannerType2>1280x720</BannerType2>
  <Colors>|130,122,135|12,11,9|60,60,94|</Colors>
  <Language>en</Language>
  <Rating></Rating>
  <RatingCount>0</RatingCount>
  <SeriesName>false</SeriesName>
  <ThumbnailPath>_cache/fanart/original/72449-62.jpg</ThumbnailPath>
  <VignettePath>fanart/vignette/72449-62.jpg</VignettePath>
</Banner>
<Banner>
  <id>55621</id>
  <BannerPath>fanart/original/72449-35.jpg</BannerPath>
  <BannerType>fanart</BannerType>
  <BannerType2>1280x720</BannerType2>
  <Colors></Colors>
  <Language>en</Language>
  <Rating></Rating>
  <RatingCount>0</RatingCount>
  <SeriesName>false</SeriesName>
  <ThumbnailPath>_cache/fanart/original/72449-35.jpg</ThumbnailPath>
  <VignettePath>fanart/vignette/72449-35.jpg</VignettePath>
</Banner>
<Banner>
  <id>55701</id>
  <BannerPath>fanart/original/72449-43.jpg</BannerPath>
  <BannerType>fanart</BannerType>
  <BannerType2>1280x720</BannerType2>
  <Colors></Colors>
  <Language>en</Language>
  <Rating></Rating>
  <RatingCount>0</RatingCount>
  <SeriesName>false</SeriesName>
  <ThumbnailPath>_cache/fanart/original/72449-43.jpg</ThumbnailPath>
  <VignettePath>fanart/vignette/72449-43.jpg</VignettePath>
</Banner>
<Banner>
  <id>55511</id>
  <BannerPath>fanart/original/72449-25.jpg</BannerPath>
  <BannerType>fanart</BannerType>
  <BannerType2>1280x720</BannerType2>
  <Colors></Colors>
  <Language>en</Language>
  <Rating></Rating>
  <RatingCount>0</RatingCount>
  <SeriesName>false</SeriesName>
  <ThumbnailPath>_cache/fanart/original/72449-25.jpg</ThumbnailPath>
  <VignettePath>fanart/vignette/72449-25.jpg</VignettePath>
</Banner>
<Banner>
  <id>55431</id>
  <BannerPath>fanart/original/72449-17.jpg</BannerPath>
  <BannerType>fanart</BannerType>
  <BannerType2>1280x720</BannerType2>
  <Colors></Colors>
  <Language>en</Language>
  <Rating></Rating>
  <RatingCount>0</RatingCount>
  <SeriesName>false</SeriesName>
  <ThumbnailPath>_cache/fanart/original/72449-17.jpg</ThumbnailPath>
  <VignettePath>fanart/vignette/72449-17.jpg</VignettePath>
</Banner>
<Banner>
  <id>55421</id>
  <BannerPath>fanart/original/72449-16.jpg</BannerPath>
  <BannerType>fanart</BannerType>
  <BannerType2>1280x720</BannerType2>
  <Colors></Colors>
  <Language>en</Language>
  <Rating></Rating>
  <RatingCount>0</RatingCount>
  <SeriesName>false</SeriesName>
  <ThumbnailPath>_cache/fanart/original/72449-16.jpg</ThumbnailPath>
  <VignettePath>fanart/vignette/72449-16.jpg</VignettePath>
</Banner>
<Banner>
  <id>55741</id>
  <BannerPath>fanart/original/72449-47.jpg</BannerPath>
  <BannerType>fanart</BannerType>
  <BannerType2>1280x720</BannerType2>
  <Colors></Colors>
  <Language>en</Language>
  <Rating></Rating>
  <RatingCount>0</RatingCount>
  <SeriesName>false</SeriesName>
  <ThumbnailPath>_cache/fanart/original/72449-47.jpg</ThumbnailPath>
  <VignettePath>fanart/vignette/72449-47.jpg</VignettePath>
</Banner>
<Banner>
  <id>55671</id>
  <BannerPath>fanart/original/72449-40.jpg</BannerPath>
  <BannerType>fanart</BannerType>
  <BannerType2>1920x1080</BannerType2>
  <Colors></Colors>
  <Language>en</Language>
  <Rating></Rating>
  <RatingCount>0</RatingCount>
  <SeriesName>false</SeriesName>
  <ThumbnailPath>_cache/fanart/original/72449-40.jpg</ThumbnailPath>
  <VignettePath>fanart/vignette/72449-40.jpg</VignettePath>
</Banner>
<Banner>
  <id>55731</id>
  <BannerPath>fanart/original/72449-46.jpg</BannerPath>
  <BannerType>fanart</BannerType>
  <BannerType2>1280x720</BannerType2>
  <Colors></Colors>
  <Language>en</Language>
  <Rating></Rating>
  <RatingCount>0</RatingCount>
  <SeriesName>false</SeriesName>
  <ThumbnailPath>_cache/fanart/original/72449-46.jpg</ThumbnailPath>
  <VignettePath>fanart/vignette/72449-46.jpg</VignettePath>
</Banner>
<Banner>
  <id>55611</id>
  <BannerPath>fanart/original/72449-34.jpg</BannerPath>
  <BannerType>fanart</BannerType>
  <BannerType2>1280x720</BannerType2>
  <Colors></Colors>
  <Language>en</Language>
  <Rating></Rating>
  <RatingCount>0</RatingCount>
  <SeriesName>false</SeriesName>
  <ThumbnailPath>_cache/fanart/original/72449-34.jpg</ThumbnailPath>
  <VignettePath>fanart/vignette/72449-34.jpg</VignettePath>
</Banner>
<Banner>
  <id>55771</id>
  <BannerPath>fanart/original/72449-50.jpg</BannerPath>
  <BannerType>fanart</BannerType>
  <BannerType2>1280x720</BannerType2>
  <Colors></Colors>
  <Language>en</Language>
  <Rating></Rating>
  <RatingCount>0</RatingCount>
  <SeriesName>false</SeriesName>
  <ThumbnailPath>_cache/fanart/original/72449-50.jpg</ThumbnailPath>
  <VignettePath>fanart/vignette/72449-50.jpg</VignettePath>
</Banner>
<Banner>
  <id>647501</id>
  <BannerPath>fanart/original/72449-68.jpg</BannerPath>
  <BannerType>fanart</BannerType>
  <BannerType2>1920x1080</BannerType2>
  <Colors></Colors>
  <Language>de</Language>
  <Rating></Rating>
  <RatingCount>0</RatingCount>
  <SeriesName>false</SeriesName>
  <ThumbnailPath>_cache/fanart/original/72449-68.jpg</ThumbnailPath>
  <VignettePath>fanart/vignette/72449-68.jpg</VignettePath>
</Banner>
<Banner>
  <id>56121</id>
  <BannerPath>fanart/original/72449-56.jpg</BannerPath>
  <BannerType>fanart</BannerType>
  <BannerType2>1920x1080</BannerType2>
  <Colors></Colors>
  <Language>en</Language>
  <Rating></Rating>
  <RatingCount>0</RatingCount>
  <SeriesName>false</SeriesName>
  <ThumbnailPath>_cache/fanart/original/72449-56.jpg</ThumbnailPath>
  <VignettePath>fanart/vignette/72449-56.jpg</VignettePath>
</Banner>
<Banner>
  <id>55661</id>
  <BannerPath>fanart/original/72449-39.jpg</BannerPath>
  <BannerType>fanart</BannerType>
  <BannerType2>1280x720</BannerType2>
  <Colors></Colors>
  <Language>en</Language>
  <Rating></Rating>
  <RatingCount>0</RatingCount>
  <SeriesName>false</SeriesName>
  <ThumbnailPath>_cache/fanart/original/72449-39.jpg</ThumbnailPath>
  <VignettePath>fanart/vignette/72449-39.jpg</VignettePath>
</Banner>
<Banner>
  <id>294641</id>
  <BannerPath>posters/72449-4.jpg</BannerPath>
  <BannerType>poster</BannerType>
  <BannerType2>680x1000</BannerType2>
  <Language>en</Language>
  <Rating>9.0000</Rating>
  <RatingCount>2</RatingCount>
</Banner>
<Banner>
  <id>28967</id>
  <BannerPath>posters/72449-1.jpg</BannerPath>
  <BannerType>poster</BannerType>
  <BannerType2>680x1000</BannerType2>
  <Language>en</Language>
  <Rating>8.0000</Rating>
  <RatingCount>5</RatingCount>
</Banner>
<Banner>
  <id>29894</id>
  <BannerPath>posters/72449-2.jpg</BannerPath>
  <BannerType>poster</BannerType>
  <BannerType2>680x1000</BannerType2>
  <Language>en</Language>
  <Rating>7.2500</Rating>
  <RatingCount>4</RatingCount>
</Banner>
<Banner>
  <id>294631</id>
  <BannerPath>posters/72449-3.jpg</BannerPath>
  <BannerType>poster</BannerType>
  <BannerType2>680x1000</BannerType2>
  <Language>en</Language>
  <Rating></Rating>
  <RatingCount>0</RatingCount>
</Banner>
<Banner>
  <id>847891</id>
  <BannerPath>seasons/72449-0-8.jpg</BannerPath>
  <BannerType>season</BannerType>
  <BannerType2>season</BannerType2>
  <Language>en</Language>
  <Rating>10.0000</Rating>
  <RatingCount>1</RatingCount>
  <Season>0</Season>
</Banner>
<Banner>
  <id>21049</id>
  <BannerPath>seasons/72449-7.jpg</BannerPath>
  <BannerType>season</BannerType>
  <BannerType2>season</BannerType2>
  <Language>en</Language>
  <Rating>9.0000</Rating>
  <RatingCount>1</RatingCount>
  <Season>7</Season>
</Banner>
<Banner>
  <id>21050</id>
  <BannerPath>seasons/72449-8.jpg</BannerPath>
  <BannerType>season</BannerType>
  <BannerType2>season</BannerType2>
  <Language>en</Language>
  <Rating>8.0000</Rating>
  <RatingCount>1</RatingCount>
  <Season>8</Season>
</Banner>
<Banner>
  <id>21046</id>
  <BannerPath>seasons/72449-4.jpg</BannerPath>
  <BannerType>season</BannerType>
  <BannerType2>season</BannerType2>
  <Language>en</Language>
  <Rating>8.0000</Rating>
  <RatingCount>1</RatingCount>
  <Season>4</Season>
</Banner>
<Banner>
  <id>21045</id>
  <BannerPath>seasons/72449-3.jpg</BannerPath>
  <BannerType>season</BannerType>
  <BannerType2>season</BannerType2>
  <Language>en</Language>
  <Rating>8.0000</Rating>
  <RatingCount>1</RatingCount>
  <Season>3</Season>
</Banner>
<Banner>
  <id>462661</id>
  <BannerPath>seasons/72449-0-2.jpg</BannerPath>
  <BannerType>season</BannerType>
  <BannerType2>season</BannerType2>
  <Language>fr</Language>
  <Rating>8.0000</Rating>
  <RatingCount>1</RatingCount>
  <Season>0</Season>
</Banner>
<Banner>
  <id>8662</id>
  <BannerPath>seasons/185-10.jpg</BannerPath>
  <BannerType>season</BannerType>
  <BannerType2>season</BannerType2>
  <Language>en</Language>
  <Rating>8.0000</Rating>
  <RatingCount>1</RatingCount>
  <Season>10</Season>
</Banner>
<Banner>
  <id>26514</id>
  <BannerPath>seasons/72449-0-4.jpg</BannerPath>
  <BannerType>season</BannerType>
  <BannerType2>season</BannerType2>
  <Language>de</Language>
  <Rating>7.7500</Rating>
  <RatingCount>4</RatingCount>
  <Season>0</Season>
</Banner>
<Banner>
  <id>55141</id>
  <BannerPath>seasons/72449-0-5.jpg</BannerPath>
  <BannerType>season</BannerType>
  <BannerType2>season</BannerType2>
  <Language>de</Language>
  <Rating>7.2500</Rating>
  <RatingCount>4</RatingCount>
  <Season>0</Season>
</Banner>
<Banner>
  <id>21043</id>
  <BannerPath>seasons/72449-1.jpg</BannerPath>
  <BannerType>season</BannerType>
  <BannerType2>season</BannerType2>
  <Language>en</Language>
  <Rating>7.0000</Rating>
  <RatingCount>1</RatingCount>
  <Season>1</Season>
</Banner>
<Banner>
  <id>21048</id>
  <BannerPath>seasons/72449-6.jpg</BannerPath>
  <BannerType>season</BannerType>
  <BannerType2>season</BannerType2>
  <Language>en</Language>
  <Rating>7.0000</Rating>
  <RatingCount>1</RatingCount>
  <Season>6</Season>
</Banner>
<Banner>
  <id>21044</id>
  <BannerPath>seasons/72449-2.jpg</BannerPath>
  <BannerType>season</BannerType>
  <BannerType2>season</BannerType2>
  <Language>en</Language>
  <Rating>7.0000</Rating>
  <RatingCount>1</RatingCount>
  <Season>2</Season>
</Banner>
<Banner>
  <id>21047</id>
  <BannerPath>seasons/72449-5.jpg</BannerPath>
  <BannerType>season</BannerType>
  <BannerType2>season</BannerType2>
  <Language>en</Language>
  <Rating>7.0000</Rating>
  <RatingCount>1</RatingCount>
  <Season>5</Season>
</Banner>
<Banner>
  <id>25574</id>
  <BannerPath>seasons/72449-0-3.jpg</BannerPath>
  <BannerType>season</BannerType>
  <BannerType2>season</BannerType2>
  <Language>en</Language>
  <Rating>6.5000</Rating>
  <RatingCount>2</RatingCount>
  <Season>0</Season>
</Banner>
<Banner>
  <id>34263</id>
  <BannerPath>seasons/72449-3-2.jpg</BannerPath>
  <BannerType>season</BannerType>
  <BannerType2>season</BannerType2>
  <Language>en</Language>
  <Rating>5.5000</Rating>
  <RatingCount>2</RatingCount>
  <Season>3</Season>
</Banner>
<Banner>
  <id>34261</id>
  <BannerPath>seasons/72449-1-2.jpg</BannerPath>
  <BannerType>season</BannerType>
  <BannerType2>season</BannerType2>
  <Language>en</Language>
  <Rating>5.5000</Rating>
  <RatingCount>2</RatingCount>
  <Season>1</Season>
</Banner>
<Banner>
  <id>34266</id>
  <BannerPath>seasons/72449-6-2.jpg</BannerPath>
  <BannerType>season</BannerType>
  <BannerType2>season</BannerType2>
  <Language>en</Language>
  <Rating>5.5000</Rating>
  <RatingCount>2</RatingCount>
  <Season>6</Season>
</Banner>
<Banner>
  <id>462731</id>
  <BannerPath>seasons/72449-0-6.jpg</BannerPath>
  <BannerType>season</BannerType>
  <BannerType2>season</BannerType2>
  <Language>fr</Language>
  <Rating>5.5000</Rating>
  <RatingCount>2</RatingCount>
  <Season>0</Season>
</Banner>
<Banner>
  <id>34269</id>
  <BannerPath>seasons/72449-8-2.jpg</BannerPath>
  <BannerType>season</BannerType>
  <BannerType2>season</BannerType2>
  <Language>en</Language>
  <Rating>5.5000</Rating>
  <RatingCount>2</RatingCount>
  <Season>8</Season>
</Banner>
<Banner>
  <id>34264</id>
  <BannerPath>seasons/72449-4-2.jpg</BannerPath>
  <BannerType>season</BannerType>
  <BannerType2>season</BannerType2>
  <Language>en</Language>
  <Rating>5.5000</Rating>
  <RatingCount>2</RatingCount>
  <Season>4</Season>
</Banner>
<Banner>
  <id>34271</id>
  <BannerPath>seasons/72449-10-2.jpg</BannerPath>
  <BannerType>season</BannerType>
  <BannerType2>season</BannerType2>
  <Language>en</Language>
  <Rating>5.5000</Rating>
  <RatingCount>2</RatingCount>
  <Season>10</Season>
</Banner>
<Banner>
  <id>34265</id>
  <BannerPath>seasons/72449-5-2.jpg</BannerPath>
  <BannerType>season</BannerType>
  <BannerType2>season</BannerType2>
  <Language>en</Language>
  <Rating>5.5000</Rating>
  <RatingCount>2</RatingCount>
  <Season>5</Season>
</Banner>
<Banner>
  <id>34267</id>
  <BannerPath>seasons/72449-7-2.jpg</BannerPath>
  <BannerType>season</BannerType>
  <BannerType2>season</BannerType2>
  <Language>en</Language>
  <Rating>5.5000</Rating>
  <RatingCount>2</RatingCount>
  <Season>7</Season>
</Banner>
<Banner>
  <id>34262</id>
  <BannerPath>seasons/72449-2-2.jpg</BannerPath>
  <BannerType>season</BannerType>
  <BannerType2>season</BannerType2>
  <Language>en</Language>
  <Rating>5.5000</Rating>
  <RatingCount>2</RatingCount>
  <Season>2</Season>
</Banner>
<Banner>
  <id>8782</id>
  <BannerPath>seasons/185-9-2.jpg</BannerPath>
  <BannerType>season</BannerType>
  <BannerType2>season</BannerType2>
  <Language>en</Language>
  <Rating>5.2500</Rating>
  <RatingCount>4</RatingCount>
  <Season>9</Season>
</Banner>
<Banner>
  <id>13823</id>
  <BannerPath>seasons/72449-10.jpg</BannerPath>
  <BannerType>season</BannerType>
  <BannerType2>season</BannerType2>
  <Language>en</Language>
  <Rating>5.0000</Rating>
  <RatingCount>2</RatingCount>
  <Season>10</Season>
</Banner>
<Banner>
  <id>34270</id>
  <BannerPath>seasons/72449-9.jpg</BannerPath>
  <BannerType>season</BannerType>
  <BannerType2>season</BannerType2>
  <Language>en</Language>
  <Rating>5.0000</Rating>
  <RatingCount>4</RatingCount>
  <Season>9</Season>
</Banner>
<Banner>
  <id>21021</id>
  <BannerPath>seasons/72449-0.jpg</BannerPath>
  <BannerType>season</BannerType>
  <BannerType2>season</BannerType2>
  <Language>en</Language>
  <Rating>4.6667</Rating>
  <RatingCount>3</RatingCount>
  <Season>0</Season>
</Banner>
<Banner>
  <id>326601</id>
  <BannerPath>seasons/72449-3-3.jpg</BannerPath>
  <BannerType>season</BannerType>
  <BannerType2>season</BannerType2>
  <Language>es</Language>
  <Rating></Rating>
  <RatingCount>0</RatingCount>
  <Season>3</Season>
</Banner>
<Banner>
  <id>326661</id>
  <BannerPath>seasons/72449-9-2.jpg</BannerPath>
  <BannerType>season</BannerType>
  <BannerType2>season</BannerType2>
  <Language>es</Language>
  <Rating></Rating>
  <RatingCount>0</RatingCount>
  <Season>9</Season>
</Banner>
<Banner>
  <id>326591</id>
  <BannerPath>seasons/72449-2-3.jpg</BannerPath>
  <BannerType>season</BannerType>
  <BannerType2>season</BannerType2>
  <Language>es</Language>
  <Rating></Rating>
  <RatingCount>0</RatingCount>
  <Season>2</Season>
</Banner>
<Banner>
  <id>326641</id>
  <BannerPath>seasons/72449-7-3.jpg</BannerPath>
  <BannerType>season</BannerType>
  <BannerType2>season</BannerType2>
  <Language>es</Language>
  <Rating></Rating>
  <RatingCount>0</RatingCount>
  <Season>7</Season>
</Banner>
<Banner>
  <id>6784</id>
  <BannerPath>seasons/185-8.jpg</BannerPath>
  <BannerType>season</BannerType>
  <BannerType2>season</BannerType2>
  <Language>en</Language>
  <Rating></Rating>
  <RatingCount>0</RatingCount>
  <Season>8</Season>
</Banner>
<Banner>
  <id>326581</id>
  <BannerPath>seasons/72449-1-3.jpg</BannerPath>
  <BannerType>season</BannerType>
  <BannerType2>season</BannerType2>
  <Language>es</Language>
  <Rating></Rating>
  <RatingCount>0</RatingCount>
  <Season>1</Season>
</Banner>
<Banner>
  <id>6777</id>
  <BannerPath>seasons/185-1.jpg</BannerPath>
  <BannerType>season</BannerType>
  <BannerType2>season</BannerType2>
  <Language>en</Language>
  <Rating></Rating>
  <RatingCount>0</RatingCount>
  <Season>1</Season>
</Banner>
<Banner>
  <id>326671</id>
  <BannerPath>seasons/72449-10-3.jpg</BannerPath>
  <BannerType>season</BannerType>
  <BannerType2>season</BannerType2>
  <Language>es</Language>
  <Rating></Rating>
  <RatingCount>0</RatingCount>
  <Season>10</Season>
</Banner>
<Banner>
  <id>6781</id>
  <BannerPath>seasons/185-5.jpg</BannerPath>
  <BannerType>season</BannerType>
  <BannerType2>season</BannerType2>
  <Language>en</Language>
  <Rating></Rating>
  <RatingCount>0</RatingCount>
  <Season>5</Season>
</Banner>
<Banner>
  <id>6778</id>
  <BannerPath>seasons/185-2.jpg</BannerPath>
  <BannerType>season</BannerType>
  <BannerType2>season</BannerType2>
  <Language>en</Language>
  <Rating></Rating>
  <RatingCount>0</RatingCount>
  <Season>2</Season>
</Banner>
<Banner>
  <id>6783</id>
  <BannerPath>seasons/185-7.jpg</BannerPath>
  <BannerType>season</BannerType>
  <BannerType2>season</BannerType2>
  <Language>en</Language>
  <Rating></Rating>
  <RatingCount>0</RatingCount>
  <Season>7</Season>
</Banner>
<Banner>
  <id>326631</id>
  <BannerPath>seasons/72449-6-3.jpg</BannerPath>
  <BannerType>season</BannerType>
  <BannerType2>season</BannerType2>
  <Language>es</Language>
  <Rating></Rating>
  <RatingCount>0</RatingCount>
  <Season>6</Season>
</Banner>
<Banner>
  <id>6782</id>
  <BannerPath>seasons/185-6.jpg</BannerPath>
  <BannerType>season</BannerType>
  <BannerType2>season</BannerType2>
  <Language>en</Language>
  <Rating></Rating>
  <RatingCount>0</RatingCount>
  <Season>6</Season>
</Banner>
<Banner>
  <id>326621</id>
  <BannerPath>seasons/72449-5-3.jpg</BannerPath>
  <BannerType>season</BannerType>
  <BannerType2>season</BannerType2>
  <Language>es</Language>
  <Rating></Rating>
  <RatingCount>0</RatingCount>
  <Season>5</Season>
</Banner>
<Banner>
  <id>6779</id>
  <BannerPath>seasons/185-3.jpg</BannerPath>
  <BannerType>season</BannerType>
  <BannerType2>season</BannerType2>
  <Language>en</Language>
  <Rating></Rating>
  <RatingCount>0</RatingCount>
  <Season>3</Season>
</Banner>
<Banner>
  <id>6780</id>
  <BannerPath>seasons/185-4.jpg</BannerPath>
  <BannerType>season</BannerType>
  <BannerType2>season</BannerType2>
  <Language>en</Language>
  <Rating></Rating>
  <RatingCount>0</RatingCount>
  <Season>4</Season>
</Banner>
<Banner>
  <id>565511</id>
  <BannerPath>seasons/72449-0-7.jpg</BannerPath>
  <BannerType>season</BannerType>
  <BannerType2>season</BannerType2>
  <Language>en</Language>
  <Rating></Rating>
  <RatingCount>0</RatingCount>
  <Season>0</Season>
</Banner>
<Banner>
  <id>326651</id>
  <BannerPath>seasons/72449-8-3.jpg</BannerPath>
  <BannerType>season</BannerType>
  <BannerType2>season</BannerType2>
  <Language>es</Language>
  <Rating></Rating>
  <RatingCount>0</RatingCount>
  <Season>8</Season>
</Banner>
<Banner>
  <id>326611</id>
  <BannerPath>seasons/72449-4-3.jpg</BannerPath>
  <BannerType>season</BannerType>
  <BannerType2>season</BannerType2>
  <Language>es</Language>
  <Rating></Rating>
  <RatingCount>0</RatingCount>
  <Season>4</Season>
</Banner>
<Banner>
  <id>15706</id>
  <BannerPath>seasonswide/72449-10.jpg</BannerPath>
  <BannerType>season</BannerType>
  <BannerType2>seasonwide</BannerType2>
  <Language>en</Language>
  <Rating></Rating>
  <RatingCount>0</RatingCount>
  <Season>10</Season>
</Banner>
<Banner>
  <id>15703</id>
  <BannerPath>seasonswide/72449-7.jpg</BannerPath>
  <BannerType>season</BannerType>
  <BannerType2>seasonwide</BannerType2>
  <Language>en</Language>
  <Rating></Rating>
  <RatingCount>0</RatingCount>
  <Season>7</Season>
</Banner>
<Banner>
  <id>15701</id>
  <BannerPath>seasonswide/72449-5.jpg</BannerPath>
  <BannerType>season</BannerType>
  <BannerType2>seasonwide</BannerType2>
  <Language>en</Language>
  <Rating></Rating>
  <RatingCount>0</RatingCount>
  <Season>5</Season>
</Banner>
<Banner>
  <id>15698</id>
  <BannerPath>seasonswide/72449-2.jpg</BannerPath>
  <BannerType>season</BannerType>
  <BannerType2>seasonwide</BannerType2>
  <Language>en</Language>
  <Rating></Rating>
  <RatingCount>0</RatingCount>
  <Season>2</Season>
</Banner>
<Banner>
  <id>15700</id>
  <BannerPath>seasonswide/72449-4.jpg</BannerPath>
  <BannerType>season</BannerType>
  <BannerType2>seasonwide</BannerType2>
  <Language>en</Language>
  <Rating></Rating>
  <RatingCount>0</RatingCount>
  <Season>4</Season>
</Banner>
<Banner>
  <id>15702</id>
  <BannerPath>seasonswide/72449-6.jpg</BannerPath>
  <BannerType>season</BannerType>
  <BannerType2>seasonwide</BannerType2>
  <Language>en</Language>
  <Rating></Rating>
  <RatingCount>0</RatingCount>
  <Season>6</Season>
</Banner>
<Banner>
  <id>15704</id>
  <BannerPath>seasonswide/72449-8.jpg</BannerPath>
  <BannerType>season</BannerType>
  <BannerType2>seasonwide</BannerType2>
  <Language>en</Language>
  <Rating></Rating>
  <RatingCount>0</RatingCount>
  <Season>8</Season>
</Banner>
<Banner>
  <id>15699</id>
  <BannerPath>seasonswide/72449-3.jpg</BannerPath>
  <BannerType>season</BannerType>
  <BannerType2>seasonwide</BannerType2>
  <Language>en</Language>
  <Rating></Rating>
  <RatingCount>0</RatingCount>
  <Season>3</Season>
</Banner>
<Banner>
  <id>15705</id>
  <BannerPath>seasonswide/72449-9.jpg</BannerPath>
  <BannerType>season</BannerType>
  <BannerType2>seasonwide</BannerType2>
  <Language>en</Language>
  <Rating></Rating>
  <RatingCount>0</RatingCount>
  <Season>9</Season>
</Banner>
<Banner>
  <id>454851</id>
  <BannerPath>graphical/72449-g3.jpg</BannerPath>
  <BannerType>series</BannerType>
  <BannerType2>graphical</BannerType2>
  <Language>en</Language>
  <Rating>10.0000</Rating>
  <RatingCount>1</RatingCount>
</Banner>
<Banner>
  <id>108351</id>
  <BannerPath>graphical/72449-g2.jpg</BannerPath>
  <BannerType>series</BannerType>
  <BannerType2>graphical</BannerType2>
  <Language>en</Language>
  <Rating>9.1667</Rating>
  <RatingCount>6</RatingCount>
</Banner>
<Banner>
  <id>468191</id>
  <BannerPath>graphical/72449-g4.jpg</BannerPath>
  <BannerType>series</BannerType>
  <BannerType2>graphical</BannerType2>
  <Language>en</Language>
  <Rating>9.0000</Rating>
  <RatingCount>1</RatingCount>
</Banner>
<Banner>
  <id>599891</id>
  <BannerPath>graphical/72449-g6.jpg</BannerPath>
  <BannerType>series</BannerType>
  <BannerType2>graphical</BannerType2>
  <Language>en</Language>
  <Rating>9.0000</Rating>
  <RatingCount>1</RatingCount>
</Banner>
<Banner>
  <id>8661</id>
  <BannerPath>graphical/185-g3.jpg</BannerPath>
  <BannerType>series</BannerType>
  <BannerType2>graphical</BannerType2>
  <Language>en</Language>
  <Rating>8.1000</Rating>
  <RatingCount>10</RatingCount>
</Banner>
<Banner>
  <id>8660</id>
  <BannerPath>graphical/185-g2.jpg</BannerPath>
  <BannerType>series</BannerType>
  <BannerType2>graphical</BannerType2>
  <Language>en</Language>
  <Rating>8.0000</Rating>
  <RatingCount>3</RatingCount>
</Banner>
<Banner>
  <id>600021</id>
  <BannerPath>graphical/72449-g10.jpg</BannerPath>
  <BannerType>series</BannerType>
  <BannerType2>graphical</BannerType2>
  <Language>en</Language>
  <Rating>8.0000</Rating>
  <RatingCount>1</RatingCount>
</Banner>
<Banner>
  <id>5421</id>
  <BannerPath>graphical/185-g.jpg</BannerPath>
  <BannerType>series</BannerType>
  <BannerType2>graphical</BannerType2>
  <Language>en</Language>
  <Rating>6.2500</Rating>
  <RatingCount>4</RatingCount>
</Banner>
<Banner>
  <id>13632</id>
  <BannerPath>graphical/72449-g.jpg</BannerPath>
  <BannerType>series</BannerType>
  <BannerType2>graphical</BannerType2>
  <Language>en</Language>
  <Rating>5.0000</Rating>
  <RatingCount>3</RatingCount>
</Banner>
<Banner>
  <id>5466</id>
  <BannerPath>text/185.jpg</BannerPath>
  <BannerType>series</BannerType>
  <BannerType2>text</BannerType2>
  <Language>en</Language>
  <Rating>5.0000</Rating>
  <RatingCount>2</RatingCount>
</Banner>
<Banner>
  <id>599871</id>
  <BannerPath>graphical/72449-g7.jpg</BannerPath>
  <BannerType>series</BannerType>
  <BannerType2>graphical</BannerType2>
  <Language>en</Language>
  <Rating></Rating>
  <RatingCount>0</RatingCount>
</Banner>
<Banner>
  <id>599931</id>
  <BannerPath>graphical/72449-g9.jpg</BannerPath>
  <BannerType>series</BannerType>
  <BannerType2>graphical</BannerType2>
  <Language>en</Language>
  <Rating></Rating>
  <RatingCount>0</RatingCount>
</Banner>
<Banner>
  <id>599901</id>
  <BannerPath>graphical/72449-g8.jpg</BannerPath>
  <BannerType>series</BannerType>
  <BannerType2>graphical</BannerType2>
  <Language>en</Language>
  <Rating></Rating>
  <RatingCount>0</RatingCount>
</Banner>
<Banner>
  <id>12916</id>
  <BannerPath>blank/72449.jpg</BannerPath>
  <BannerType>series</BannerType>
  <BannerType2>blank</BannerType2>
  <Language>en</Language>
  <Rating></Rating>
  <RatingCount>0</RatingCount>
</Banner>
<Banner>
  <id>468201</id>
  <BannerPath>graphical/72449-g5.jpg</BannerPath>
  <BannerType>series</BannerType>
  <BannerType2>graphical</BannerType2>
  <Language>en</Language>
  <Rating></Rating>
  <RatingCount>0</RatingCount>
</Banner>
</Banners>