<?xml version="1.0" encoding="UTF-8" ?>
<Data><Series>
  <id>80270</id>
  <Actors>|Jeffrey Donovan|Gabrielle Anwar|Bruce Campbell|Sharon Gless|Alex Carter|Tricia Helfer|Michael Shanks|Jay Karnes|Moon Bloodgood|Ben Shenkman|Paul Blackthorne|Chris Vance|Seth Peterson|</Actors>
  <Airs_DayOfWeek>Thursday</Airs_DayOfWeek>
  <Airs_Time>9:00 PM</Airs_Time>
  <ContentRating>TV-PG</ContentRating>
  <FirstAired>2007-06-28</FirstAired>
  <Genre>|Action and Adventure|</Genre>
  <IMDB_ID>tt0810788</IMDB_ID>
  <Language>en</Language>
  <Network>USA Network</Network>
  <NetworkID></NetworkID>
  <Overview>Covert intelligence operative Michael Westen has been punched, kicked, choked and shot. Now he's being burned, and someone's going to pay! When Michael receives a &quot;burn notice&quot;, blacklisting him from the intelligence community and compromising his very identity, he must track down a faceless nemesis without getting himself killed in the process. Meanwhile, Michael is forced to double as a private investigator on the dangerous streets of Miami in order to survive. Fully loaded with sly humor, Burn Notice is a fresh spin on the spy genre with plenty of precarious twists to keep you guessing and enough explosive action to keep you riveted!</Overview>
  <Rating>8.6</Rating>
  <RatingCount>181</RatingCount>
  <Runtime>60</Runtime>
  <SeriesID>69107</SeriesID>
  <SeriesName>Burn Notice</SeriesName>
  <Status>Continuing</Status>
  <added></added>
  <addedBy></addedBy>
  <banner>graphical/80270-g12.jpg</banner>
  <fanart>fanart/original/80270-6.jpg</fanart>
  <lastupdated>1304241022</lastupdated>
  <poster>posters/80270-3.jpg</poster>
  <zap2it_id>SH924844</zap2it_id>
</Series>
<Episode>
  <id>4076386</id>
  <Combined_episodenumber>1</Combined_episodenumber>
  <Combined_season>0</Combined_season>
  <DVD_chapter></DVD_chapter>
  <DVD_discid></DVD_discid>
  <DVD_episodenumber></DVD_episodenumber>
  <DVD_season></DVD_season>
  <Director>Jeffrey Donovan</Director>
  <EpImgFlag>2</EpImgFlag>
  <EpisodeName>Burn Notice: The Fall of Sam Axe</EpisodeName>
  <EpisodeNumber>1</EpisodeNumber>
  <FirstAired>2011-04-17</FirstAired>
  <GuestStars></GuestStars>
  <IMDB_ID>tt1697851</IMDB_ID>
  <Language>en</Language>
  <Overview>Before Sam Axe teamed up with Michael and Fiona, he was Commander Axe, U.S. Navy SEAL. The Fall of Sam Axe tells the story of how Sam went from respected Naval Commander to the man of mystery we've come to know on Burn Notice. On what will turn out to be Sam's last military mission, he is sent to the jungles of Colombia to investigate claims of a vicious terrorist organization known only as the &quot;Espada Ardiente&quot; (Flaming Sword). His mission: to determine whether U.S. military aid is necessary to deal with the threat. But when he arrives, things are more complicated than he'd imagined. He receives word that the rebels have targeted a small civilian clinic deep in the jungle. Sam must now save the clinic's doctors and patients from certain death. However, nothing is as it seems and the Espada Ardiente may not be the biggest threat Sam Axe faces.</Overview>
  <ProductionCode></ProductionCode>
  <Rating>9.1</Rating>
  <RatingCount>8</RatingCount>
  <SeasonNumber>0</SeasonNumber>
  <Writer>Matt Nix</Writer>
  <absolute_number></absolute_number>
  <airsafter_season></airsafter_season>
  <airsbefore_episode>1</airsbefore_episode>
  <airsbefore_season>5</airsbefore_season>
  <filename>episodes/80270/4076386.jpg</filename>
  <lastupdated>1303922616</lastupdated>
  <seasonid>27786</seasonid>
  <seriesid>80270</seriesid>
</Episode>
<Episode>
  <id>330913</id>
  <Combined_episodenumber>1.0</Combined_episodenumber>
  <Combined_season>1</Combined_season>
  <DVD_chapter></DVD_chapter>
  <DVD_discid></DVD_discid>
  <DVD_episodenumber>1.0</DVD_episodenumber>
  <DVD_season>1</DVD_season>
  <Director>Jace Alexander</Director>
  <EpImgFlag>2</EpImgFlag>
  <EpisodeName>Burn Notice</EpisodeName>
  <EpisodeNumber>1</EpisodeNumber>
  <FirstAired>2007-06-28</FirstAired>
  <GuestStars>Jason Bartley|George Tasudis|David Zayas|Nick Simmons|Steven Crowley|Megan Gallacher|Stacy Ann Rose|Rey Hernandez|Nicholas Alexander|Reggie Pierre|Sagine|China Chow|Mayra Pirak|Shaun McKinney|Dimitri Diatchenko|Dan Kelly|Chance Kelly|Arturo Fernandez|Paul</GuestStars>
  <IMDB_ID>tt1064284</IMDB_ID>
  <Language>en</Language>
  <Overview>Michael Westen is a spy who receives a &quot;burn notice&quot; while on assignment. Spies are not fired, rather they are issued a burn notice to let the agent know their services are no longer required.
Penniless, Michael returns to his roots in Miami where he freelances his skills to earn money. First up, Michael helps a man clear his name after valuable pieces of art and jewelery are stolen.</Overview>
  <ProductionCode>1- 110105-06-179</ProductionCode>
  <Rating>7.5</Rating>
  <RatingCount>43</RatingCount>
  <SeasonNumber>1</SeasonNumber>
  <Writer>Matt Nix</Writer>
  <absolute_number>1</absolute_number>
  <filename>episodes/80270/330913.jpg</filename>
  <lastupdated>1276158331</lastupdated>
  <seasonid>27787</seasonid>
  <seriesid>80270</seriesid>
</Episode>
<Episode>
  <id>330914</id>
  <Combined_episodenumber>2.0</Combined_episodenumber>
  <Combined_season>1</Combined_season>
  <DVD_chapter></DVD_chapter>
  <DVD_discid></DVD_discid>
  <DVD_episodenumber>2.0</DVD_episodenumber>
  <DVD_season>1</DVD_season>
  <Director>Rod Hardy</Director>
  <EpImgFlag>2</EpImgFlag>
  <EpisodeName>Identity</EpisodeName>
  <EpisodeNumber>2</EpisodeNumber>
  <FirstAired>2007-07-05</FirstAired>
  <GuestStars>Mark Pellegrino|Cindy Taylor|Mike Benitez|Josh Randall|Elayne Wilks|Craig Bonaventura|Oona O'Connell</GuestStars>
  <IMDB_ID>tt1034670</IMDB_ID>
  <Language>en</Language>
  <Overview>Michael helps Madeline's friend retrieve money from a swindler, and in return he receives information about some visitors that came to his mother's home.</Overview>
  <ProductionCode>1- 25037-07-102/S101</ProductionCode>
  <Rating>7.1</Rating>
  <RatingCount>34</RatingCount>
  <SeasonNumber>1</SeasonNumber>
  <Writer>Matt Nix</Writer>
  <absolute_number>2</absolute_number>
  <filename>episodes/80270/330914.jpg</filename>
  <lastupdated>1276158341</lastupdated>
  <seasonid>27787</seasonid>
  <seriesid>80270</seriesid>
</Episode>
<Episode>
  <id>330915</id>
  <Combined_episodenumber>3.0</Combined_episodenumber>
  <Combined_season>1</Combined_season>
  <DVD_chapter></DVD_chapter>
  <DVD_discid></DVD_discid>
  <DVD_episodenumber>3.0</DVD_episodenumber>
  <DVD_season>1</DVD_season>
  <Director>Colin Bucksey</Director>
  <EpImgFlag>2</EpImgFlag>
  <EpisodeName>Fight or Flight</EpisodeName>
  <EpisodeNumber>3</EpisodeNumber>
  <FirstAired>2007-07-12</FirstAired>
  <GuestStars>Dedee Pfeiffer|Natalie Dreyfuss|Teo Castellanos|Nelson Perez|Dominick Vicchiullo|Steve DuMouchel|Ivo Lopez</GuestStars>
  <IMDB_ID>tt1035894</IMDB_ID>
  <Language>en</Language>
  <Overview>A drug dealer is witnessed brutally beating up a man by a single mother. Oleg asks Michael to help the woman, Cara, his best waitress, after she stops showing up for work.</Overview>
  <ProductionCode>1- 35037-07-103/S103</ProductionCode>
  <Rating>7.2</Rating>
  <RatingCount>32</RatingCount>
  <SeasonNumber>1</SeasonNumber>
  <Writer>Jason Tracey|Craig O'Neill</Writer>
  <absolute_number>3</absolute_number>
  <filename>episodes/80270/330915.jpg</filename>
  <lastupdated>1276158351</lastupdated>
  <seasonid>27787</seasonid>
  <seriesid>80270</seriesid>
</Episode>
<Episode>
  <id>330916</id>
  <Combined_episodenumber>4.0</Combined_episodenumber>
  <Combined_season>1</Combined_season>
  <DVD_chapter></DVD_chapter>
  <DVD_discid></DVD_discid>
  <DVD_episodenumber>4.0</DVD_episodenumber>
  <DVD_season>1</DVD_season>
  <Director>David Solomon</Director>
  <EpImgFlag>2</EpImgFlag>
  <EpisodeName>Old Friends</EpisodeName>
  <EpisodeNumber>4</EpisodeNumber>
  <FirstAired>2007-07-19</FirstAired>
  <GuestStars>Eric Lange|Mark Totty|Ilia Volok|Susie Ambromeit|William Haze|Chris Charles Herbert|Tino Sutras|Freddy Hernandez|Keith Hudson|Bruce Michael</GuestStars>
  <IMDB_ID>tt1028636</IMDB_ID>
  <Language>en</Language>
  <Overview>Michael's friend, Bill, asks for the spy's help in freeing his daughter from a prostitution ring. Meanwhile, Michael dodges multiple assassination attempts.</Overview>
  <ProductionCode>1- 45037-07-101/S102</ProductionCode>
  <Rating>7.2</Rating>
  <RatingCount>32</RatingCount>
  <SeasonNumber>1</SeasonNumber>
  <Writer>Alfredo Barrios Jr.</Writer>
  <absolute_number>4</absolute_number>
  <filename>episodes/80270/330916.jpg</filename>
  <lastupdated>1276158361</lastupdated>
  <seasonid>27787</seasonid>
  <seriesid>80270</seriesid>
</Episode>
<Episode>
  <id>332162</id>
  <Combined_episodenumber>5.0</Combined_episodenumber>
  <Combined_season>1</Combined_season>
  <DVD_chapter></DVD_chapter>
  <DVD_discid></DVD_discid>
  <DVD_episodenumber>5.0</DVD_episodenumber>
  <DVD_season>1</DVD_season>
  <Director>Sandy Bookstaver</Director>
  <EpImgFlag>2</EpImgFlag>
  <EpisodeName>Family Business</EpisodeName>
  <EpisodeNumber>5</EpisodeNumber>
  <FirstAired>2007-07-26</FirstAired>
  <GuestStars>Paul Gutrecht|Guri Weinberg|Audrey Landers|Scott Michael Campbell|Joel Swetow|Hannia Guillen|Jessica Baldwin|Rangel Hernandez Martinez</GuestStars>
  <IMDB_ID>tt1040292</IMDB_ID>
  <Language>en</Language>
  <Overview>Michael infiltrates a family of gunrunners who are pressuring an airport supervisor and his pregnant wife. The FBI begin to put pressure on Sam to gather more information on Michael.</Overview>
  <ProductionCode>1- 55037-07-105/S104</ProductionCode>
  <Rating>7.3</Rating>
  <RatingCount>28</RatingCount>
  <SeasonNumber>1</SeasonNumber>
  <Writer>Matt Nix</Writer>
  <absolute_number>5</absolute_number>
  <filename>episodes/80270/332162.jpg</filename>
  <lastupdated>1276158372</lastupdated>
  <seasonid>27787</seasonid>
  <seriesid>80270</seriesid>
</Episode>
<Episode>
  <id>332163</id>
  <Combined_episodenumber>6.0</Combined_episodenumber>
  <Combined_season>1</Combined_season>
  <DVD_chapter></DVD_chapter>
  <DVD_discid></DVD_discid>
  <DVD_episodenumber>6.0</DVD_episodenumber>
  <DVD_season>1</DVD_season>
  <Director>Paul Holahan</Director>
  <EpImgFlag>2</EpImgFlag>
  <EpisodeName>Unpaid Debts</EpisodeName>
  <EpisodeNumber>6</EpisodeNumber>
  <FirstAired>2007-08-02</FirstAired>
  <GuestStars>Laurence Mason|Chris Ellis|Antoni Corone|Audrey Landers|Alex Carter|Eddie Gilbert|David Lomax|Nick Simmons|Logan Newell|Ken Benjamin|Scott Lewis</GuestStars>
  <IMDB_ID>tt1040293</IMDB_ID>
  <Language>en</Language>
  <Overview>Michael discovers a surprise aboard a boat he has retrieved from Jamaican gangsters. Meanwhile, a CSS agent urges Michael to stop his investigation into who burned him.</Overview>
  <ProductionCode>1- 65037-07-104/S105</ProductionCode>
  <Rating>7.2</Rating>
  <RatingCount>33</RatingCount>
  <SeasonNumber>1</SeasonNumber>
  <Writer>Nick Thiel</Writer>
  <absolute_number>6</absolute_number>
  <filename>episodes/80270/332163.jpg</filename>
  <lastupdated>1276158402</lastupdated>
  <seasonid>27787</seasonid>
  <seriesid>80270</seriesid>
</Episode>
<Episode>
  <id>332164</id>
  <Combined_episodenumber>7.0</Combined_episodenumber>
  <Combined_season>1</Combined_season>
  <DVD_chapter></DVD_chapter>
  <DVD_discid></DVD_discid>
  <DVD_episodenumber>7.0</DVD_episodenumber>
  <DVD_season>1</DVD_season>
  <Director>Tim Matheson</Director>
  <EpImgFlag>2</EpImgFlag>
  <EpisodeName>Broken Rules</EpisodeName>
  <EpisodeNumber>7</EpisodeNumber>
  <FirstAired>2007-08-09</FirstAired>
  <GuestStars>Audrey Landers|Alex Carter|Esai Morales|Idalis DeLeon|Tony Perez|Julio Perez|Paul Tei</GuestStars>
  <IMDB_ID>tt1068387</IMDB_ID>
  <Language>en</Language>
  <Overview>Michael works to rid a community in little Havana of a crime boss, all the while baiting Jason Bly at the risk of his family and friends.</Overview>
  <ProductionCode>1- 75037-07-106/S106</ProductionCode>
  <Rating>7.4</Rating>
  <RatingCount>30</RatingCount>
  <SeasonNumber>1</SeasonNumber>
  <Writer>Mere Smith</Writer>
  <absolute_number>7</absolute_number>
  <filename>episodes/80270/332164.jpg</filename>
  <lastupdated>1276158413</lastupdated>
  <seasonid>27787</seasonid>
  <seriesid>80270</seriesid>
</Episode>
<Episode>
  <id>332165</id>
  <Combined_episodenumber>8.0</Combined_episodenumber>
  <Combined_season>1</Combined_season>
  <DVD_chapter></DVD_chapter>
  <DVD_discid></DVD_discid>
  <DVD_episodenumber>8.0</DVD_episodenumber>
  <DVD_season>1</DVD_season>
  <Director>Ken Girotti</Director>
  <EpImgFlag>2</EpImgFlag>
  <EpisodeName>Wanted Man</EpisodeName>
  <EpisodeNumber>8</EpisodeNumber>
  <FirstAired>2007-08-16</FirstAired>
  <GuestStars>Brett Cullen|Chris Payne Gilbert|Marshall Manesh|Jeff Chase|Alfonso Diluca|Paul Tei|Serafin Falcon|Brian Haase|Stefan Pinto|Derek Latta|Michael Robinson|Marjorie O'Neill-Butler</GuestStars>
  <IMDB_ID>tt1081197</IMDB_ID>
  <Language>en</Language>
  <Overview>With Michael's assistance, Fiona helps a man who has been framed for the theft of an expensive brooch.</Overview>
  <ProductionCode>1- 85037-07-107/S107</ProductionCode>
  <Rating>7.2</Rating>
  <RatingCount>27</RatingCount>
  <SeasonNumber>1</SeasonNumber>
  <Writer>Jason Tracey|Craig O'Neill</Writer>
  <absolute_number>8</absolute_number>
  <filename>episodes/80270/332165.jpg</filename>
  <lastupdated>1276158421</lastupdated>
  <seasonid>27787</seasonid>
  <seriesid>80270</seriesid>
</Episode>
<Episode>
  <id>332166</id>
  <Combined_episodenumber>9.0</Combined_episodenumber>
  <Combined_season>1</Combined_season>
  <DVD_chapter></DVD_chapter>
  <DVD_discid></DVD_discid>
  <DVD_episodenumber>9.0</DVD_episodenumber>
  <DVD_season>1</DVD_season>
  <Director>John D. Kretchmer</Director>
  <EpImgFlag>2</EpImgFlag>
  <EpisodeName>Hard Bargain</EpisodeName>
  <EpisodeNumber>9</EpisodeNumber>
  <FirstAired>2007-08-23</FirstAired>
  <GuestStars>Rachel Yeager|Steven Bauer|Arye Gross|Kelvin Yu|Gonzalo Menendez|Fernando Pacanins|Stephen Tate|Stella Maris Ortiz</GuestStars>
  <IMDB_ID>tt1079066</IMDB_ID>
  <Language>en</Language>
  <Overview>A man's fiancée is kidnapped from the house he is looking after. Meanwhile, Michael is offered information on how he can clear his burn notice.</Overview>
  <ProductionCode>1- 95037-07-108/S108</ProductionCode>
  <Rating>7.3</Rating>
  <RatingCount>33</RatingCount>
  <SeasonNumber>1</SeasonNumber>
  <Writer>Alfredo Barrios Jr.</Writer>
  <absolute_number>9</absolute_number>
  <filename>episodes/80270/332166.jpg</filename>
  <lastupdated>1276158431</lastupdated>
  <seasonid>27787</seasonid>
  <seriesid>80270</seriesid>
</Episode>
<Episode>
  <id>332167</id>
  <Combined_episodenumber>10.0</Combined_episodenumber>
  <Combined_season>1</Combined_season>
  <DVD_chapter></DVD_chapter>
  <DVD_discid></DVD_discid>
  <DVD_episodenumber>10.0</DVD_episodenumber>
  <DVD_season>1</DVD_season>
  <Director>Paul Shapiro</Director>
  <EpImgFlag>2</EpImgFlag>
  <EpisodeName>False Flag</EpisodeName>
  <EpisodeNumber>10</EpisodeNumber>
  <FirstAired>2007-09-13</FirstAired>
  <GuestStars>Lucy Lawless|China Chow|Anthony Starke|Tim Ware</GuestStars>
  <IMDB_ID>tt1081196</IMDB_ID>
  <Language>en</Language>
  <Overview>Michael is hired to track down a woman's estranged husband, who has disappeared with their son. Michael soon finds himself pitted against somebody just as skilled and dangerous as he is.</Overview>
  <ProductionCode>1-105037-07-109/S109</ProductionCode>
  <Rating>7.5</Rating>
  <RatingCount>37</RatingCount>
  <SeasonNumber>1</SeasonNumber>
  <Writer>Ben Watkins|Matt Nix</Writer>
  <absolute_number>10</absolute_number>
  <filename>episodes/80270/332167.jpg</filename>
  <lastupdated>1276158442</lastupdated>
  <seasonid>27787</seasonid>
  <seriesid>80270</seriesid>
</Episode>
<Episode>
  <id>334426</id>
  <Combined_episodenumber>11.1</Combined_episodenumber>
  <Combined_season>1</Combined_season>
  <DVD_chapter></DVD_chapter>
  <DVD_discid></DVD_discid>
  <DVD_episodenumber>11.1</DVD_episodenumber>
  <DVD_season>1</DVD_season>
  <Director>Jeremiah Chechik</Director>
  <EpImgFlag>2</EpImgFlag>
  <EpisodeName>Dead Drop (1)</EpisodeName>
  <EpisodeNumber>11</EpisodeNumber>
  <FirstAired>2007-09-20</FirstAired>
  <GuestStars>Richard Schiff|Maya Stange|Nicholle Tom|Bruce Blauer|Jeffrey Johnson|Ray Lloyd|Paul Tei|Mark Salem|David Yuzuk|David Andrew Nash|Carmen Lopez|Tony McFarr|Udo Nwabudku</GuestStars>
  <IMDB_ID>tt1107474</IMDB_ID>
  <Language>en</Language>
  <Overview>Sam takes on a case for a woman named Gillian, who is being blackmailed into using her security clearance to help smuggle heroin into the United States. Meanwhile, Michael is busy trying to arrange a meeting with Philip Cowan.</Overview>
  <ProductionCode>1-115037-07-110/S110</ProductionCode>
  <Rating>8.0</Rating>
  <RatingCount>36</RatingCount>
  <SeasonNumber>1</SeasonNumber>
  <Writer>Jason Tracey|Craig O'Neill</Writer>
  <absolute_number>11</absolute_number>
  <filename>episodes/80270/334426.jpg</filename>
  <lastupdated>1276158459</lastupdated>
  <seasonid>27787</seasonid>
  <seriesid>80270</seriesid>
</Episode>
<Episode>
  <id>335967</id>
  <Combined_episodenumber>11.2</Combined_episodenumber>
  <Combined_season>1</Combined_season>
  <DVD_chapter></DVD_chapter>
  <DVD_discid></DVD_discid>
  <DVD_episodenumber>11.2</DVD_episodenumber>
  <DVD_season>1</DVD_season>
  <Director>Stephen Surjik</Director>
  <EpImgFlag>2</EpImgFlag>
  <EpisodeName>Loose Ends (2)</EpisodeName>
  <EpisodeNumber>12</EpisodeNumber>
  <FirstAired>2007-09-20</FirstAired>
  <GuestStars>Carmen Lopez|Mark Salem|David Andrew Nash|Paul Tei|Johnny Messner|Ray Lloyd|Todd Stashwick</GuestStars>
  <IMDB_ID>tt1093547</IMDB_ID>
  <Language>en</Language>
  <Overview>Michael must rescue Sam from heroin smugglers, who happen to be ex-Special Forces, while also evading agents who are out to get him.</Overview>
  <ProductionCode>1-125037-07-111/S111</ProductionCode>
  <Rating>8.2</Rating>
  <RatingCount>14</RatingCount>
  <SeasonNumber>1</SeasonNumber>
  <Writer>Matt Nix|Alfredo Barrios Jr.</Writer>
  <absolute_number>12</absolute_number>
  <filename>episodes/80270/335967.jpg</filename>
  <lastupdated>1276158470</lastupdated>
  <seasonid>27787</seasonid>
  <seriesid>80270</seriesid>
</Episode>
<Episode>
  <id>371821</id>
  <Combined_episodenumber>1.0</Combined_episodenumber>
  <Combined_season>2</Combined_season>
  <DVD_chapter></DVD_chapter>
  <DVD_discid></DVD_discid>
  <DVD_episodenumber>1.0</DVD_episodenumber>
  <DVD_season>2</DVD_season>
  <Director>Paul Holahan</Director>
  <EpImgFlag>2</EpImgFlag>
  <EpisodeName>Breaking and Entering</EpisodeName>
  <EpisodeNumber>1</EpisodeNumber>
  <FirstAired>2008-07-10</FirstAired>
  <GuestStars>James C. Burns|Ivy Stein|Joel Spence|Dushawn Moses|Edwin Lopez|Steve Lantz|Michael Dale|Adam Cronan|Patrick Fischler|Tricia Helfer</GuestStars>
  <IMDB_ID></IMDB_ID>
  <Language>en</Language>
  <Overview>Having been recruited by the people who burned him, Michael's new handler, Carla, tasks him with helping a computer tech, whose wife and daughter were kidnapped, liberate some information that is guarded by mercenaries.</Overview>
  <ProductionCode>2- 15037-08-201</ProductionCode>
  <Rating>7.2</Rating>
  <RatingCount>31</RatingCount>
  <SeasonNumber>2</SeasonNumber>
  <Writer>Matt Nix</Writer>
  <absolute_number></absolute_number>
  <filename>episodes/80270/371821.jpg</filename>
  <lastupdated>1276236525</lastupdated>
  <seasonid>33174</seasonid>
  <seriesid>80270</seriesid>
</Episode>
<Episode>
  <id>371822</id>
  <Combined_episodenumber>2.0</Combined_episodenumber>
  <Combined_season>2</Combined_season>
  <DVD_chapter></DVD_chapter>
  <DVD_discid></DVD_discid>
  <DVD_episodenumber>2.0</DVD_episodenumber>
  <DVD_season>2</DVD_season>
  <Director>John T. Kretchmer</Director>
  <EpImgFlag>2</EpImgFlag>
  <EpisodeName>Turn and Burn</EpisodeName>
  <EpisodeNumber>2</EpisodeNumber>
  <FirstAired>2008-07-17</FirstAired>
  <GuestStars>Diane Adams|Tricia Helfer|Kevin Alejandro|Paul Tei|Jacqueline Piñol|Mario Ernesto Sanchez|Dave Corey|Erick Avari</GuestStars>
  <IMDB_ID></IMDB_ID>
  <Language>en</Language>
  <Overview>While Michael's new handler asks him to locate a Tunisian counterfeiter, Sam asks him to help a woman who says she is being stalked by a drug dealer, and his mother asks him to join her in seeing a therapist.</Overview>
  <ProductionCode>2- 25037-08-202</ProductionCode>
  <Rating>7.4</Rating>
  <RatingCount>32</RatingCount>
  <SeasonNumber>2</SeasonNumber>
  <Writer>Alfredo Barrios Jr.</Writer>
  <absolute_number></absolute_number>
  <filename>episodes/80270/371822.jpg</filename>
  <lastupdated>1276236536</lastupdated>
  <seasonid>33174</seasonid>
  <seriesid>80270</seriesid>
</Episode>
<Episode>
  <id>374815</id>
  <Combined_episodenumber>3.0</Combined_episodenumber>
  <Combined_season>2</Combined_season>
  <DVD_chapter></DVD_chapter>
  <DVD_discid></DVD_discid>
  <DVD_episodenumber>3.0</DVD_episodenumber>
  <DVD_season>2</DVD_season>
  <Director>Paul Holahan</Director>
  <EpImgFlag>2</EpImgFlag>
  <EpisodeName>Trust Me</EpisodeName>
  <EpisodeNumber>3</EpisodeNumber>
  <FirstAired>2008-07-24</FirstAired>
  <GuestStars>Patrick Fabian|Fawad Siddiqui|Alison Pelletier|Harriet Oser|David Fine|Brittney Collins|Judy Clayton|Stefen Laurantz|Paul Tei|Cindy Pickett|Assaf Cohen|Michael Naughton</GuestStars>
  <IMDB_ID></IMDB_ID>
  <Language>en</Language>
  <Overview>Andy, a cell-phone salesman, was conned into investing in a fake Cuban nightclub. Michael helps Andy when the people he borrowed the money from come knocking.</Overview>
  <ProductionCode>2- 35037-08-203</ProductionCode>
  <Rating>7.2</Rating>
  <RatingCount>30</RatingCount>
  <SeasonNumber>2</SeasonNumber>
  <Writer>Jason Tracey|Craig O'Neill</Writer>
  <absolute_number></absolute_number>
  <filename>episodes/80270/374815.jpg</filename>
  <lastupdated>1276236550</lastupdated>
  <seasonid>33174</seasonid>
  <seriesid>80270</seriesid>
</Episode>
<Episode>
  <id>374816</id>
  <Combined_episodenumber>4.0</Combined_episodenumber>
  <Combined_season>2</Combined_season>
  <DVD_chapter></DVD_chapter>
  <DVD_discid></DVD_discid>
  <DVD_episodenumber>4.0</DVD_episodenumber>
  <DVD_season>2</DVD_season>
  <Director>John T. Kretchmer</Director>
  <EpImgFlag>2</EpImgFlag>
  <EpisodeName>Comrades</EpisodeName>
  <EpisodeNumber>4</EpisodeNumber>
  <FirstAired>2008-07-31</FirstAired>
  <GuestStars>Olga Jane Shimansky|Emily Foxler|Andrew Divoff (Ivan)</GuestStars>
  <IMDB_ID></IMDB_ID>
  <Language>en</Language>
  <Overview>Michael helps a Russian woman, Katya, whose sister was smuggled into the U.S. by gangsters; however, Katya cannot afford their extortionate demands and her sister is being held captive.</Overview>
  <ProductionCode>2- 45037-08-204</ProductionCode>
  <Rating>7.2</Rating>
  <RatingCount>26</RatingCount>
  <SeasonNumber>2</SeasonNumber>
  <Writer>Jason Ning, Matt Nix</Writer>
  <absolute_number></absolute_number>
  <filename>episodes/80270/374816.jpg</filename>
  <lastupdated>1276236562</lastupdated>
  <seasonid>33174</seasonid>
  <seriesid>80270</seriesid>
</Episode>
<Episode>
  <id>374817</id>
  <Combined_episodenumber>5.0</Combined_episodenumber>
  <Combined_season>2</Combined_season>
  <DVD_chapter></DVD_chapter>
  <DVD_discid></DVD_discid>
  <DVD_episodenumber>5.0</DVD_episodenumber>
  <DVD_season>2</DVD_season>
  <Director>Rod Hardy</Director>
  <EpImgFlag>2</EpImgFlag>
  <EpisodeName>Scatter Point</EpisodeName>
  <EpisodeNumber>5</EpisodeNumber>
  <FirstAired>2008-08-07</FirstAired>
  <GuestStars>Oded Fehr|Joe Hess|Audrey Landers|Paul Caesar|Aaron McPherson|Robin Givens|Maurice Compte</GuestStars>
  <IMDB_ID></IMDB_ID>
  <Language>en</Language>
  <Overview>Michael poses as a safe cracker to help out a reformed ex-con who is unwillingly part of a heist, and tries to sneak into the heavily-guarded office of his handler. Meanwhile, Sam gets an unexpected proposition from his girlfriend.</Overview>
  <ProductionCode>2- 55037-08-205</ProductionCode>
  <Rating>7.5</Rating>
  <RatingCount>32</RatingCount>
  <SeasonNumber>2</SeasonNumber>
  <Writer>Ben Watkins</Writer>
  <absolute_number></absolute_number>
  <filename>episodes/80270/374817.jpg</filename>
  <lastupdated>1276236572</lastupdated>
  <seasonid>33174</seasonid>
  <seriesid>80270</seriesid>
</Episode>
<Episode>
  <id>374818</id>
  <Combined_episodenumber>6.0</Combined_episodenumber>
  <Combined_season>2</Combined_season>
  <DVD_chapter></DVD_chapter>
  <DVD_discid></DVD_discid>
  <DVD_episodenumber>6.0</DVD_episodenumber>
  <DVD_season>2</DVD_season>
  <Director>Bronwen Hughes</Director>
  <EpImgFlag>2</EpImgFlag>
  <EpisodeName>Bad Blood</EpisodeName>
  <EpisodeNumber>6</EpisodeNumber>
  <FirstAired>2008-08-14</FirstAired>
  <GuestStars>Michael Shanks</GuestStars>
  <IMDB_ID></IMDB_ID>
  <Language>en</Language>
  <Overview>When someone's suspected of embezzling from a hip-hop mogul's charity, Michael attempts to trick the thief into stealing a larger sum.</Overview>
  <ProductionCode>2- 65037-08-206</ProductionCode>
  <Rating>7.5</Rating>
  <RatingCount>33</RatingCount>
  <SeasonNumber>2</SeasonNumber>
  <Writer>Matt Nix|Rashad Raisani</Writer>
  <absolute_number></absolute_number>
  <filename>episodes/80270/374818.jpg</filename>
  <lastupdated>1276236583</lastupdated>
  <seasonid>33174</seasonid>
  <seriesid>80270</seriesid>
</Episode>
<Episode>
  <id>374819</id>
  <Combined_episodenumber>7.0</Combined_episodenumber>
  <Combined_season>2</Combined_season>
  <DVD_chapter></DVD_chapter>
  <DVD_discid></DVD_discid>
  <DVD_episodenumber>7.0</DVD_episodenumber>
  <DVD_season>2</DVD_season>
  <Director>Stephen Surjik</Director>
  <EpImgFlag>2</EpImgFlag>
  <EpisodeName>Rough Seas</EpisodeName>
  <EpisodeNumber>7</EpisodeNumber>
  <FirstAired>2008-08-21</FirstAired>
  <GuestStars>Michael Shanks</GuestStars>
  <IMDB_ID></IMDB_ID>
  <Language>en</Language>
  <Overview>Michael is hired to track down nearly a million dollars worth of pharmaceuticals that were stolen by thieves on their way to Tanzania.</Overview>
  <ProductionCode>2- 75037-08-207</ProductionCode>
  <Rating>7.3</Rating>
  <RatingCount>31</RatingCount>
  <SeasonNumber>2</SeasonNumber>
  <Writer>Alfredo Barrios Jr.|Michael Horowitz</Writer>
  <absolute_number></absolute_number>
  <filename>episodes/80270/374819.jpg</filename>
  <lastupdated>1276236594</lastupdated>
  <seasonid>33174</seasonid>
  <seriesid>80270</seriesid>
</Episode>
<Episode>
  <id>374820</id>
  <Combined_episodenumber>8.0</Combined_episodenumber>
  <Combined_season>2</Combined_season>
  <DVD_chapter></DVD_chapter>
  <DVD_discid></DVD_discid>
  <DVD_episodenumber>8.0</DVD_episodenumber>
  <DVD_season>2</DVD_season>
  <Director>Tim Matheson</Director>
  <EpImgFlag>2</EpImgFlag>
  <EpisodeName>Double Booked</EpisodeName>
  <EpisodeNumber>8</EpisodeNumber>
  <FirstAired>2008-09-11</FirstAired>
  <GuestStars>Amy Pietz</GuestStars>
  <IMDB_ID></IMDB_ID>
  <Language>en</Language>
  <Overview>Michael tries to foil a hit that he was hired for by an old spy colleague he thought was dead, which becomes more complicated when he discovers that there is more than one contract out on the target.</Overview>
  <ProductionCode>2- 85037-08-208</ProductionCode>
  <Rating>7.6</Rating>
  <RatingCount>38</RatingCount>
  <SeasonNumber>2</SeasonNumber>
  <Writer>Craig O'Neill|Jason Tracey</Writer>
  <absolute_number></absolute_number>
  <filename>episodes/80270/374820.jpg</filename>
  <lastupdated>1276236605</lastupdated>
  <seasonid>33174</seasonid>
  <seriesid>80270</seriesid>
</Episode>
<Episode>
  <id>374821</id>
  <Combined_episodenumber>9.0</Combined_episodenumber>
  <Combined_season>2</Combined_season>
  <DVD_chapter></DVD_chapter>
  <DVD_discid></DVD_discid>
  <DVD_episodenumber>9.0</DVD_episodenumber>
  <DVD_season>2</DVD_season>
  <Director>Jeff Freilich</Director>
  <EpImgFlag>2</EpImgFlag>
  <EpisodeName>Good Soldier</EpisodeName>
  <EpisodeNumber>9</EpisodeNumber>
  <FirstAired>2008-09-18</FirstAired>
  <GuestStars>Vanessa Lotero|Gary Weeks|Louis Aguirre|John Allen Nelson|Larry Clarke</GuestStars>
  <IMDB_ID></IMDB_ID>
  <Language>en</Language>
  <Overview>Hired by Fiona's boyfriend's friend Henry, Michael poses as a disgruntled bodyguard to thwart a kidnapping plot masterminded by a ruthless man named Lesher.</Overview>
  <ProductionCode>2- 95037-08-209</ProductionCode>
  <Rating>7.8</Rating>
  <RatingCount>37</RatingCount>
  <SeasonNumber>2</SeasonNumber>
  <Writer>Alfredo Barrios Jr.</Writer>
  <absolute_number></absolute_number>
  <filename>episodes/80270/374821.jpg</filename>
  <lastupdated>1276236615</lastupdated>
  <seasonid>33174</seasonid>
  <seriesid>80270</seriesid>
</Episode>
<Episode>
  <id>427512</id>
  <Combined_episodenumber>10.0</Combined_episodenumber>
  <Combined_season>2</Combined_season>
  <DVD_chapter></DVD_chapter>
  <DVD_discid></DVD_discid>
  <DVD_episodenumber>10.0</DVD_episodenumber>
  <DVD_season>2</DVD_season>
  <Director>Matt Nix</Director>
  <EpImgFlag>2</EpImgFlag>
  <EpisodeName>Do No Harm</EpisodeName>
  <EpisodeNumber>10</EpisodeNumber>
  <FirstAired>2009-01-22</FirstAired>
  <GuestStars>Tricia Helfer|David Barry Gray|Stacy Haiduk|Graham Shiels</GuestStars>
  <IMDB_ID></IMDB_ID>
  <Language>en</Language>
  <Overview>Michael prevents a man from committing suicide, whose son suffers from a heart condition. He had lost his savings in a scam after investing in a &quot;miracle drug&quot; for his son, so Michael decides to get him his money back.
Meanwhile, he has to deal with an explosion at his place and his brother in jail.</Overview>
  <ProductionCode>2-105037-08-210</ProductionCode>
  <Rating>7.5</Rating>
  <RatingCount>31</RatingCount>
  <SeasonNumber>2</SeasonNumber>
  <Writer>Matt Nix</Writer>
  <absolute_number></absolute_number>
  <filename>episodes/80270/427512.jpg</filename>
  <lastupdated>1276236628</lastupdated>
  <seasonid>33174</seasonid>
  <seriesid>80270</seriesid>
</Episode>
<Episode>
  <id>427513</id>
  <Combined_episodenumber>11.0</Combined_episodenumber>
  <Combined_season>2</Combined_season>
  <DVD_chapter></DVD_chapter>
  <DVD_discid></DVD_discid>
  <DVD_episodenumber>11.0</DVD_episodenumber>
  <DVD_season>2</DVD_season>
  <Director>Stephen Surjik</Director>
  <EpImgFlag>2</EpImgFlag>
  <EpisodeName>Hot Spot</EpisodeName>
  <EpisodeNumber>11</EpisodeNumber>
  <FirstAired>2009-01-29</FirstAired>
  <GuestStars>Michael Irvin|Kirk 'Sticky Fingaz' Jones</GuestStars>
  <IMDB_ID></IMDB_ID>
  <Language>en</Language>
  <Overview>Sam calls in a favor and asks Michael to talk to Sean Martin, a football coach who helps impoverished kids. Sean wants Michael's assistance helping one of his players, Corey Jensen, who's being targeted by gangsters.</Overview>
  <ProductionCode>2-115037-08-211</ProductionCode>
  <Rating>7.6</Rating>
  <RatingCount>39</RatingCount>
  <SeasonNumber>2</SeasonNumber>
  <Writer>Ben Watkins</Writer>
  <absolute_number></absolute_number>
  <filename>episodes/80270/427513.jpg</filename>
  <lastupdated>1276236641</lastupdated>
  <seasonid>33174</seasonid>
  <seriesid>80270</seriesid>
</Episode>
<Episode>
  <id>427514</id>
  <Combined_episodenumber>12.0</Combined_episodenumber>
  <Combined_season>2</Combined_season>
  <DVD_chapter></DVD_chapter>
  <DVD_discid></DVD_discid>
  <DVD_episodenumber>12.0</DVD_episodenumber>
  <DVD_season>2</DVD_season>
  <Director>Scott Peters</Director>
  <EpImgFlag>2</EpImgFlag>
  <EpisodeName>Seek and Destroy</EpisodeName>
  <EpisodeNumber>12</EpisodeNumber>
  <FirstAired>2009-02-05</FirstAired>
  <GuestStars>Joel Gretsch| M.C. Gainey| Marla Sokoloff| Silas Weir Mitchell</GuestStars>
  <IMDB_ID></IMDB_ID>
  <Language>en</Language>
  <Overview>Michael, under the alias of Miles Parker, is hired by Scott Chandler to investigate strange activity - log-ins at odd hours, unusual computer activity and telephone bugging - at an art gallery. But after being attacked by the the gallery's receptionist, Michael finds himself working against Chandler.
Meanwhile, Michael needs to find the person who planted the bomb at his loft, therefor he turns to arms dealer Seymour for help.</Overview>
  <ProductionCode>2-125037-08-212</ProductionCode>
  <Rating>7.6</Rating>
  <RatingCount>32</RatingCount>
  <SeasonNumber>2</SeasonNumber>
  <Writer>Rashad Raisani</Writer>
  <absolute_number></absolute_number>
  <filename>episodes/80270/427514.jpg</filename>
  <lastupdated>1276236653</lastupdated>
  <seasonid>33174</seasonid>
  <seriesid>80270</seriesid>
</Episode>
<Episode>
  <id>427515</id>
  <Combined_episodenumber>13.0</Combined_episodenumber>
  <Combined_season>2</Combined_season>
  <DVD_chapter></DVD_chapter>
  <DVD_discid></DVD_discid>
  <DVD_episodenumber>13.0</DVD_episodenumber>
  <DVD_season>2</DVD_season>
  <Director>John T. Kretchmer</Director>
  <EpImgFlag>2</EpImgFlag>
  <EpisodeName>Bad Breaks</EpisodeName>
  <EpisodeNumber>13</EpisodeNumber>
  <FirstAired>2009-02-12</FirstAired>
  <GuestStars>Alex Carter|Mark A. Sheppard</GuestStars>
  <IMDB_ID></IMDB_ID>
  <Language>en</Language>
  <Overview>A federal agent with a knack for giving Michael trouble returns to Miami to force Michael to hand over blackmail materials; the two enemies must work together during a bank robbery.</Overview>
  <ProductionCode>2-135037-08-213</ProductionCode>
  <Rating>7.9</Rating>
  <RatingCount>41</RatingCount>
  <SeasonNumber>2</SeasonNumber>
  <Writer>Michael Horowitz</Writer>
  <absolute_number></absolute_number>
  <filename>episodes/80270/427515.jpg</filename>
  <lastupdated>1276236668</lastupdated>
  <seasonid>33174</seasonid>
  <seriesid>80270</seriesid>
</Episode>
<Episode>
  <id>427516</id>
  <Combined_episodenumber>14.0</Combined_episodenumber>
  <Combined_season>2</Combined_season>
  <DVD_chapter></DVD_chapter>
  <DVD_discid></DVD_discid>
  <DVD_episodenumber>14.0</DVD_episodenumber>
  <DVD_season>2</DVD_season>
  <Director>Ernest R. Dickerson</Director>
  <EpImgFlag>2</EpImgFlag>
  <EpisodeName>Truth and Reconciliation</EpisodeName>
  <EpisodeNumber>14</EpisodeNumber>
  <FirstAired>2009-02-19</FirstAired>
  <GuestStars>|Michael Shanks| Basil Wallace| James Black</GuestStars>
  <IMDB_ID></IMDB_ID>
  <Language>en</Language>
  <Overview>Michael takes on a sympathy case for a Haitian man whose daughter was murdered by a corrupt government official he believes is hiding in Miami. Michael gets closer to tracking down the person who tried to kill him.</Overview>
  <ProductionCode>2-145037-08-214</ProductionCode>
  <Rating>7.5</Rating>
  <RatingCount>33</RatingCount>
  <SeasonNumber>2</SeasonNumber>
  <Writer>Alfredo Barrios Jr.</Writer>
  <absolute_number></absolute_number>
  <filename>episodes/80270/427516.jpg</filename>
  <lastupdated>1276236680</lastupdated>
  <seasonid>33174</seasonid>
  <seriesid>80270</seriesid>
</Episode>
<Episode>
  <id>427517</id>
  <Combined_episodenumber>15.0</Combined_episodenumber>
  <Combined_season>2</Combined_season>
  <DVD_chapter></DVD_chapter>
  <DVD_discid></DVD_discid>
  <DVD_episodenumber>15.0</DVD_episodenumber>
  <DVD_season>2</DVD_season>
  <Director>Dennie Gordon</Director>
  <EpImgFlag>2</EpImgFlag>
  <EpisodeName>Sins of Omission</EpisodeName>
  <EpisodeNumber>15</EpisodeNumber>
  <FirstAired>2009-02-26</FirstAired>
  <GuestStars>Dina Meyer| Tricia Helfer| Michael Shanks</GuestStars>
  <IMDB_ID></IMDB_ID>
  <Language>en</Language>
  <Overview>Michael's ex-fiancé seeks the spy's help in freeing her son, who was kidnapped by a disillusioned ex-spy named Brennen.</Overview>
  <ProductionCode>2-155037-08-215</ProductionCode>
  <Rating>7.7</Rating>
  <RatingCount>38</RatingCount>
  <SeasonNumber>2</SeasonNumber>
  <Writer>Jason Tracey| Craig O'Neill</Writer>
  <absolute_number></absolute_number>
  <filename>episodes/80270/427517.jpg</filename>
  <lastupdated>1276236693</lastupdated>
  <seasonid>33174</seasonid>
  <seriesid>80270</seriesid>
</Episode>
<Episode>
  <id>427518</id>
  <Combined_episodenumber>16.0</Combined_episodenumber>
  <Combined_season>2</Combined_season>
  <DVD_chapter></DVD_chapter>
  <DVD_discid></DVD_discid>
  <DVD_episodenumber>16.0</DVD_episodenumber>
  <DVD_season>2</DVD_season>
  <Director>Tim Matheson</Director>
  <EpImgFlag>2</EpImgFlag>
  <EpisodeName>Lesser Evil</EpisodeName>
  <EpisodeNumber>16</EpisodeNumber>
  <FirstAired>2009-03-05</FirstAired>
  <GuestStars>Tricia Helfer| Michael Shanks| John Mahoney</GuestStars>
  <IMDB_ID></IMDB_ID>
  <Language>en</Language>
  <Overview>Michael gets to know Victor's motivation and his connection to Carla after capturing him. When the truth about Carla's organization is revealed, everyone is put in danger.</Overview>
  <ProductionCode>2-165037-08-216</ProductionCode>
  <Rating>8.5</Rating>
  <RatingCount>37</RatingCount>
  <SeasonNumber>2</SeasonNumber>
  <Writer>Matt Nix</Writer>
  <absolute_number></absolute_number>
  <filename>episodes/80270/427518.jpg</filename>
  <lastupdated>1276236705</lastupdated>
  <seasonid>33174</seasonid>
  <seriesid>80270</seriesid>
</Episode>
<Episode>
  <id>553461</id>
  <Combined_episodenumber>1.0</Combined_episodenumber>
  <Combined_season>3</Combined_season>
  <DVD_chapter></DVD_chapter>
  <DVD_discid></DVD_discid>
  <DVD_episodenumber>1.0</DVD_episodenumber>
  <DVD_season>3</DVD_season>
  <Director>Tim Matheson</Director>
  <EpImgFlag>2</EpImgFlag>
  <EpisodeName>Friends and Family</EpisodeName>
  <EpisodeNumber>1</EpisodeNumber>
  <FirstAired>2009-06-04</FirstAired>
  <GuestStars>|Brian Van Holt|Jeff Kober|Castulo Guerra|Lorena Segura York|Paul Tei|</GuestStars>
  <IMDB_ID></IMDB_ID>
  <Language>en</Language>
  <Overview>Michael is bailed out of jail by an old friend who asks for his help in return.</Overview>
  <ProductionCode>BN301</ProductionCode>
  <Rating>7.5</Rating>
  <RatingCount>45</RatingCount>
  <SeasonNumber>3</SeasonNumber>
  <Writer>Matt Nix</Writer>
  <absolute_number></absolute_number>
  <filename>episodes/80270/553461.jpg</filename>
  <lastupdated>1291171635</lastupdated>
  <seasonid>54341</seasonid>
  <seriesid>80270</seriesid>
</Episode>
<Episode>
  <id>681091</id>
  <Combined_episodenumber>2.0</Combined_episodenumber>
  <Combined_season>3</Combined_season>
  <DVD_chapter></DVD_chapter>
  <DVD_discid></DVD_discid>
  <DVD_episodenumber>2.0</DVD_episodenumber>
  <DVD_season>3</DVD_season>
  <Director>John T. Kretchmer</Director>
  <EpImgFlag>2</EpImgFlag>
  <EpisodeName>Question And Answer</EpisodeName>
  <EpisodeNumber>2</EpisodeNumber>
  <FirstAired>2009-06-11</FirstAired>
  <GuestStars>Moon Bloodgood</GuestStars>
  <IMDB_ID></IMDB_ID>
  <Language>en</Language>
  <Overview>Michael faces a new foe in Detective Paxson, who has tracked down some explosives Michael has been hiding in a storage facility, forcing Michael to surreptitiously get them out before Paxson gets a warrant.  Meanwhile, Michael and team must rescue a kidnapped child by using reverse interrogation.</Overview>
  <ProductionCode></ProductionCode>
  <Rating>7.5</Rating>
  <RatingCount>42</RatingCount>
  <SeasonNumber>3</SeasonNumber>
  <Writer>Alfredo Barrios Jr.</Writer>
  <absolute_number></absolute_number>
  <filename>episodes/80270/681091.jpg</filename>
  <lastupdated>1291171642</lastupdated>
  <seasonid>54341</seasonid>
  <seriesid>80270</seriesid>
</Episode>
<Episode>
  <id>681101</id>
  <Combined_episodenumber>3.0</Combined_episodenumber>
  <Combined_season>3</Combined_season>
  <DVD_chapter></DVD_chapter>
  <DVD_discid></DVD_discid>
  <DVD_episodenumber>3.0</DVD_episodenumber>
  <DVD_season>3</DVD_season>
  <Director>Dennie Gordon</Director>
  <EpImgFlag>2</EpImgFlag>
  <EpisodeName>End Run</EpisodeName>
  <EpisodeNumber>3</EpisodeNumber>
  <FirstAired>2009-06-18</FirstAired>
  <GuestStars></GuestStars>
  <IMDB_ID></IMDB_ID>
  <Language>en</Language>
  <Overview>Arms trader Brennen (from &quot;Sins of Omission&quot;) returns and kidnaps Nate, forcing Michael to help him pull off an elaborate heist.  Michael must also contend with Paxson's ongoing investigation.</Overview>
  <ProductionCode></ProductionCode>
  <Rating>7.7</Rating>
  <RatingCount>41</RatingCount>
  <SeasonNumber>3</SeasonNumber>
  <Writer>Craig O'Neill</Writer>
  <absolute_number></absolute_number>
  <filename>episodes/80270/681101.jpg</filename>
  <lastupdated>1291171649</lastupdated>
  <seasonid>54341</seasonid>
  <seriesid>80270</seriesid>
</Episode>
<Episode>
  <id>681111</id>
  <Combined_episodenumber>4.0</Combined_episodenumber>
  <Combined_season>3</Combined_season>
  <DVD_chapter></DVD_chapter>
  <DVD_discid></DVD_discid>
  <DVD_episodenumber>4.0</DVD_episodenumber>
  <DVD_season>3</DVD_season>
  <Director>John T. Kretchmer</Director>
  <EpImgFlag>2</EpImgFlag>
  <EpisodeName>Fearless Leader</EpisodeName>
  <EpisodeNumber>4</EpisodeNumber>
  <FirstAired>2009-06-25</FirstAired>
  <GuestStars>Moon Bloodgood, P.J. Byrne</GuestStars>
  <IMDB_ID></IMDB_ID>
  <Language>en</Language>
  <Overview>Michael gets a hold of a crime lord who seems to be the prime suspect in a Miami PD investigation, so he wants to hand him over in return for being left alone.</Overview>
  <ProductionCode></ProductionCode>
  <Rating>7.5</Rating>
  <RatingCount>40</RatingCount>
  <SeasonNumber>3</SeasonNumber>
  <Writer>Michael Horowitz</Writer>
  <absolute_number></absolute_number>
  <filename>episodes/80270/681111.jpg</filename>
  <lastupdated>1291171656</lastupdated>
  <seasonid>54341</seasonid>
  <seriesid>80270</seriesid>
</Episode>
<Episode>
  <id>687991</id>
  <Combined_episodenumber>5.0</Combined_episodenumber>
  <Combined_season>3</Combined_season>
  <DVD_chapter></DVD_chapter>
  <DVD_discid></DVD_discid>
  <DVD_episodenumber>5.0</DVD_episodenumber>
  <DVD_season>3</DVD_season>
  <Director>Jeremiah Chechik</Director>
  <EpImgFlag>2</EpImgFlag>
  <EpisodeName>Signals and Codes</EpisodeName>
  <EpisodeNumber>5</EpisodeNumber>
  <FirstAired>2009-07-09</FirstAired>
  <GuestStars>Katherine La Nasa</GuestStars>
  <IMDB_ID></IMDB_ID>
  <Language>en</Language>
  <Overview>A paranoid mathematician enlists Michael's help to stop the vice president of a defense firm from selling company secrets; Michael tracks down a new contact in the intelligence community.</Overview>
  <ProductionCode></ProductionCode>
  <Rating>7.2</Rating>
  <RatingCount>43</RatingCount>
  <SeasonNumber>3</SeasonNumber>
  <Writer>Jason Tracey</Writer>
  <absolute_number></absolute_number>
  <filename>episodes/80270/687991.jpg</filename>
  <lastupdated>1291171662</lastupdated>
  <seasonid>54341</seasonid>
  <seriesid>80270</seriesid>
</Episode>
<Episode>
  <id>688001</id>
  <Combined_episodenumber>6.0</Combined_episodenumber>
  <Combined_season>3</Combined_season>
  <DVD_chapter></DVD_chapter>
  <DVD_discid></DVD_discid>
  <DVD_episodenumber>6.0</DVD_episodenumber>
  <DVD_season>3</DVD_season>
  <Director>Bryan Spicer</Director>
  <EpImgFlag>2</EpImgFlag>
  <EpisodeName>The Hunter</EpisodeName>
  <EpisodeNumber>6</EpisodeNumber>
  <FirstAired>2009-07-16</FirstAired>
  <GuestStars>Keith Diamond</GuestStars>
  <IMDB_ID></IMDB_ID>
  <Language>en</Language>
  <Overview>When he hears about an operative from his past who is hunting him, Michael turns to a prominent member of Miami's underworld for help; a man approaches Michael with an offer.</Overview>
  <ProductionCode></ProductionCode>
  <Rating>7.5</Rating>
  <RatingCount>44</RatingCount>
  <SeasonNumber>3</SeasonNumber>
  <Writer>Lisa Joy &amp; Ryan Johnson</Writer>
  <absolute_number></absolute_number>
  <filename>episodes/80270/688001.jpg</filename>
  <lastupdated>1291171669</lastupdated>
  <seasonid>54341</seasonid>
  <seriesid>80270</seriesid>
</Episode>
<Episode>
  <id>688011</id>
  <Combined_episodenumber>7.0</Combined_episodenumber>
  <Combined_season>3</Combined_season>
  <DVD_chapter></DVD_chapter>
  <DVD_discid></DVD_discid>
  <DVD_episodenumber>7.0</DVD_episodenumber>
  <DVD_season>3</DVD_season>
  <Director>Ernest R. Dickerson</Director>
  <EpImgFlag>2</EpImgFlag>
  <EpisodeName>Shot In The Dark</EpisodeName>
  <EpisodeNumber>7</EpisodeNumber>
  <FirstAired>2009-07-23</FirstAired>
  <GuestStars>Jay Harrington</GuestStars>
  <IMDB_ID></IMDB_ID>
  <Language>en</Language>
  <Overview>Michael convinces an abusive stepfather of a young boy to leave town by telling him he is the target of an assassination plot. Elsewhere, Strickler makes a promise to Michael that he will help him get back into the intelligence community if they can work together.</Overview>
  <ProductionCode></ProductionCode>
  <Rating>7.7</Rating>
  <RatingCount>43</RatingCount>
  <SeasonNumber>3</SeasonNumber>
  <Writer>Ben Watkins</Writer>
  <absolute_number></absolute_number>
  <filename>episodes/80270/688011.jpg</filename>
  <lastupdated>1291171674</lastupdated>
  <seasonid>54341</seasonid>
  <seriesid>80270</seriesid>
</Episode>
<Episode>
  <id>688021</id>
  <Combined_episodenumber>8.0</Combined_episodenumber>
  <Combined_season>3</Combined_season>
  <DVD_chapter></DVD_chapter>
  <DVD_discid></DVD_discid>
  <DVD_episodenumber>8.0</DVD_episodenumber>
  <DVD_season>3</DVD_season>
  <Director>Felix Enriquez Alcala</Director>
  <EpImgFlag>2</EpImgFlag>
  <EpisodeName>Friends Like These</EpisodeName>
  <EpisodeNumber>8</EpisodeNumber>
  <FirstAired>2009-07-30</FirstAired>
  <GuestStars></GuestStars>
  <IMDB_ID></IMDB_ID>
  <Language>en</Language>
  <Overview>Barry enlists Michael's help in tracking down his money-laundering client list, which has been stolen by a vicious thief. Michael goes after the thief, only to find that there's a lot more to the situation than he realized. Fiona tries to be supportive of Michael's efforts to reconnect with the intelligence community, but she and Michael find that their differences on the subject may not be reconcilable.</Overview>
  <ProductionCode></ProductionCode>
  <Rating>7.5</Rating>
  <RatingCount>44</RatingCount>
  <SeasonNumber>3</SeasonNumber>
  <Writer>Rashad Raisani</Writer>
  <absolute_number></absolute_number>
  <filename>episodes/80270/688021.jpg</filename>
  <lastupdated>1291171686</lastupdated>
  <seasonid>54341</seasonid>
  <seriesid>80270</seriesid>
</Episode>
<Episode>
  <id>688031</id>
  <Combined_episodenumber>9.0</Combined_episodenumber>
  <Combined_season>3</Combined_season>
  <DVD_chapter></DVD_chapter>
  <DVD_discid></DVD_discid>
  <DVD_episodenumber>9.0</DVD_episodenumber>
  <DVD_season>3</DVD_season>
  <Director>Jeff Freilich</Director>
  <EpImgFlag>2</EpImgFlag>
  <EpisodeName>Long Way Back</EpisodeName>
  <EpisodeNumber>9</EpisodeNumber>
  <FirstAired>2009-08-06</FirstAired>
  <GuestStars>|Ben Shenkman|Paul Blackthorne|Gideon Emery|</GuestStars>
  <IMDB_ID></IMDB_ID>
  <Language>en</Language>
  <Overview>A dangerous man from Fiona's past resurfaces in Miami after years of hiding, with deadly intentions. Teaming up with Fiona's ruthless brother, Michael will do whatever it takes to save her... even if that means crossing a few lines.</Overview>
  <ProductionCode></ProductionCode>
  <Rating>7.9</Rating>
  <RatingCount>37</RatingCount>
  <SeasonNumber>3</SeasonNumber>
  <Writer>Craig O'Neill</Writer>
  <absolute_number></absolute_number>
  <filename>episodes/80270/688031.jpg</filename>
  <lastupdated>1291171694</lastupdated>
  <seasonid>54341</seasonid>
  <seriesid>80270</seriesid>
</Episode>
<Episode>
  <id>688041</id>
  <Combined_episodenumber>10.0</Combined_episodenumber>
  <Combined_season>3</Combined_season>
  <DVD_chapter></DVD_chapter>
  <DVD_discid></DVD_discid>
  <DVD_episodenumber>10.0</DVD_episodenumber>
  <DVD_season>3</DVD_season>
  <Director>John T. Kretchmer</Director>
  <EpImgFlag>2</EpImgFlag>
  <EpisodeName>A Dark Road</EpisodeName>
  <EpisodeNumber>10</EpisodeNumber>
  <FirstAired>2010-01-21</FirstAired>
  <GuestStars></GuestStars>
  <IMDB_ID></IMDB_ID>
  <Language>en</Language>
  <Overview>When a recently widowed woman hires Michael and Fiona to get her away from a group of violent con men, Michael turns to Madeline for help — but he may ask her to go too far. Meanwhile, a mysterious contact goes to extreme lengths to get Michael's attention.
</Overview>
  <ProductionCode></ProductionCode>
  <Rating>7.4</Rating>
  <RatingCount>46</RatingCount>
  <SeasonNumber>3</SeasonNumber>
  <Writer>Matt Nix</Writer>
  <absolute_number></absolute_number>
  <filename>episodes/80270/688041.jpg</filename>
  <lastupdated>1289509906</lastupdated>
  <seasonid>54341</seasonid>
  <seriesid>80270</seriesid>
</Episode>
<Episode>
  <id>688051</id>
  <Combined_episodenumber>11.0</Combined_episodenumber>
  <Combined_season>3</Combined_season>
  <DVD_chapter></DVD_chapter>
  <DVD_discid></DVD_discid>
  <DVD_episodenumber>11.0</DVD_episodenumber>
  <DVD_season>3</DVD_season>
  <Director>Terry Miller</Director>
  <EpImgFlag>2</EpImgFlag>
  <EpisodeName>Friendly Fire</EpisodeName>
  <EpisodeNumber>11</EpisodeNumber>
  <FirstAired>2010-01-28</FirstAired>
  <GuestStars></GuestStars>
  <IMDB_ID></IMDB_ID>
  <Language>en</Language>
  <Overview>When Sam gets an unexpected visit from a former Seal buddy asking for help, Michael must infiltrate a protected urban barrio and hunt down a child predator. Michael also befriends a psychotic former spy runner in order to learn more about his destructive plans while in town.</Overview>
  <ProductionCode>BN311</ProductionCode>
  <Rating>7.8</Rating>
  <RatingCount>53</RatingCount>
  <SeasonNumber>3</SeasonNumber>
  <Writer>Alfredo Barrios Jr.</Writer>
  <absolute_number></absolute_number>
  <filename>episodes/80270/688051.jpg</filename>
  <lastupdated>1289509912</lastupdated>
  <seasonid>54341</seasonid>
  <seriesid>80270</seriesid>
</Episode>
<Episode>
  <id>688061</id>
  <Combined_episodenumber>12.0</Combined_episodenumber>
  <Combined_season>3</Combined_season>
  <DVD_chapter></DVD_chapter>
  <DVD_discid></DVD_discid>
  <DVD_episodenumber>12.0</DVD_episodenumber>
  <DVD_season>3</DVD_season>
  <Director>Michael Zinberg</Director>
  <EpImgFlag>2</EpImgFlag>
  <EpisodeName>Noble Causes</EpisodeName>
  <EpisodeNumber>12</EpisodeNumber>
  <FirstAired>2010-02-04</FirstAired>
  <GuestStars></GuestStars>
  <IMDB_ID></IMDB_ID>
  <Language>en</Language>
  <Overview>Michael is caught off guard by a visit from his drug dealing neighbor Sugar. But to Michael’s surprise, Sugar isn't looking for trouble; He needs Michael's help fending off a crew of notorious thieves. Meanwhile, Michael struggles with working beside an unexpected partner. </Overview>
  <ProductionCode>BN312</ProductionCode>
  <Rating>7.3</Rating>
  <RatingCount>44</RatingCount>
  <SeasonNumber>3</SeasonNumber>
  <Writer>Ben Watkins</Writer>
  <absolute_number></absolute_number>
  <filename>episodes/80270/688061.jpg</filename>
  <lastupdated>1289509918</lastupdated>
  <seasonid>54341</seasonid>
  <seriesid>80270</seriesid>
</Episode>
<Episode>
  <id>1667011</id>
  <Combined_episodenumber>13.0</Combined_episodenumber>
  <Combined_season>3</Combined_season>
  <DVD_chapter></DVD_chapter>
  <DVD_discid></DVD_discid>
  <DVD_episodenumber>13.0</DVD_episodenumber>
  <DVD_season>3</DVD_season>
  <Director>Kevin Bray</Director>
  <EpImgFlag>2</EpImgFlag>
  <EpisodeName>Enemies Closer</EpisodeName>
  <EpisodeNumber>13</EpisodeNumber>
  <FirstAired>2010-02-11</FirstAired>
  <GuestStars></GuestStars>
  <IMDB_ID></IMDB_ID>
  <Language>en</Language>
  <Overview>When Michael's old acquaintance Larry shows up unannounced, it is up to Michael to clean up his mess. Meanwhile, Michael's brother Nate shows up with his new wife Ruth. </Overview>
  <ProductionCode>BN313</ProductionCode>
  <Rating>7.4</Rating>
  <RatingCount>45</RatingCount>
  <SeasonNumber>3</SeasonNumber>
  <Writer>Jason Tracey</Writer>
  <absolute_number></absolute_number>
  <filename>episodes/80270/1667011.jpg</filename>
  <lastupdated>1289509924</lastupdated>
  <seasonid>54341</seasonid>
  <seriesid>80270</seriesid>
</Episode>
<Episode>
  <id>903621</id>
  <Combined_episodenumber>14.0</Combined_episodenumber>
  <Combined_season>3</Combined_season>
  <DVD_chapter></DVD_chapter>
  <DVD_discid></DVD_discid>
  <DVD_episodenumber>14.0</DVD_episodenumber>
  <DVD_season>3</DVD_season>
  <Director>Dirk Wallace Craft</Director>
  <EpImgFlag>2</EpImgFlag>
  <EpisodeName>Partners In Crime</EpisodeName>
  <EpisodeNumber>14</EpisodeNumber>
  <FirstAired>2010-02-18</FirstAired>
  <GuestStars></GuestStars>
  <IMDB_ID></IMDB_ID>
  <Language>en</Language>
  <Overview>Sam convinces Michael to investigate a robbery at a chic fashion house, but they quickly realize the world of design isn't always pretty. Meanwhile, Michael and Fiona gain the trust of a Polish intelligence officer to get information on an unlisted &quot;black flight,&quot; transporting dangerous cargo.</Overview>
  <ProductionCode>BN314</ProductionCode>
  <Rating>7.5</Rating>
  <RatingCount>52</RatingCount>
  <SeasonNumber>3</SeasonNumber>
  <Writer>Michael Horowitz</Writer>
  <absolute_number></absolute_number>
  <filename>episodes/80270/903621.jpg</filename>
  <lastupdated>1289679619</lastupdated>
  <seasonid>54341</seasonid>
  <seriesid>80270</seriesid>
</Episode>
<Episode>
  <id>940951</id>
  <Combined_episodenumber>15.0</Combined_episodenumber>
  <Combined_season>3</Combined_season>
  <DVD_chapter></DVD_chapter>
  <DVD_discid></DVD_discid>
  <DVD_episodenumber>15.0</DVD_episodenumber>
  <DVD_season>3</DVD_season>
  <Director>Dennie Gordon</Director>
  <EpImgFlag>2</EpImgFlag>
  <EpisodeName>Good Intentions</EpisodeName>
  <EpisodeNumber>15</EpisodeNumber>
  <FirstAired>2010-02-25</FirstAired>
  <GuestStars></GuestStars>
  <IMDB_ID></IMDB_ID>
  <Language>en</Language>
  <Overview>Fiona deals with a paranoid kidnapper who's hiding a secret. Elsewhere, Michael tries to take down a black operative, but the mission soon gets out of control. </Overview>
  <ProductionCode>BN315</ProductionCode>
  <Rating>7.9</Rating>
  <RatingCount>51</RatingCount>
  <SeasonNumber>3</SeasonNumber>
  <Writer>Rashad Raisani</Writer>
  <absolute_number></absolute_number>
  <filename>episodes/80270/940951.jpg</filename>
  <lastupdated>1289509938</lastupdated>
  <seasonid>54341</seasonid>
  <seriesid>80270</seriesid>
</Episode>
<Episode>
  <id>940941</id>
  <Combined_episodenumber>16.0</Combined_episodenumber>
  <Combined_season>3</Combined_season>
  <DVD_chapter></DVD_chapter>
  <DVD_discid></DVD_discid>
  <DVD_episodenumber>16.0</DVD_episodenumber>
  <DVD_season>3</DVD_season>
  <Director>Matt Nix</Director>
  <EpImgFlag>2</EpImgFlag>
  <EpisodeName>Devil You Know</EpisodeName>
  <EpisodeNumber>16</EpisodeNumber>
  <FirstAired>2010-03-04</FirstAired>
  <GuestStars></GuestStars>
  <IMDB_ID></IMDB_ID>
  <Language>en</Language>
  <Overview>International fugitive Simon is loose and Michael's on the run from the FBI for his role in Simon’s escape. When Simon confronts Michael and threatens to blow up a Miami Beach hotel, Michael must call on his friends and an old enemy to help him avoid disaster and put Simon back in the dark hole where he belongs.</Overview>
  <ProductionCode>BN316</ProductionCode>
  <Rating>7.8</Rating>
  <RatingCount>55</RatingCount>
  <SeasonNumber>3</SeasonNumber>
  <Writer>Matt Nix</Writer>
  <absolute_number></absolute_number>
  <filename>episodes/80270/940941.jpg</filename>
  <lastupdated>1289509945</lastupdated>
  <seasonid>54341</seasonid>
  <seriesid>80270</seriesid>
</Episode>
<Episode>
  <id>2147851</id>
  <Combined_episodenumber>1</Combined_episodenumber>
  <Combined_season>4</Combined_season>
  <DVD_chapter></DVD_chapter>
  <DVD_discid></DVD_discid>
  <DVD_episodenumber></DVD_episodenumber>
  <DVD_season></DVD_season>
  <Director>Tim Matheson</Director>
  <EpImgFlag>2</EpImgFlag>
  <EpisodeName>Friends and Enemies</EpisodeName>
  <EpisodeNumber>1</EpisodeNumber>
  <FirstAired>2010-06-03</FirstAired>
  <GuestStars></GuestStars>
  <IMDB_ID></IMDB_ID>
  <Language>en</Language>
  <Overview>Michael helps Fiona and Sam protect a lawyer against the city's most dangerous biker gang. Meanwhile, he must team up with an unlikely ally to stop a looming terrorist threat... but quickly finds that no mission is without its price.</Overview>
  <ProductionCode>BN401</ProductionCode>
  <Rating>7.6</Rating>
  <RatingCount>60</RatingCount>
  <SeasonNumber>4</SeasonNumber>
  <Writer>Matt Nix</Writer>
  <absolute_number></absolute_number>
  <filename>episodes/80270/2147851.jpg</filename>
  <lastupdated>1298054172</lastupdated>
  <seasonid>221601</seasonid>
  <seriesid>80270</seriesid>
</Episode>
<Episode>
  <id>2147861</id>
  <Combined_episodenumber>2</Combined_episodenumber>
  <Combined_season>4</Combined_season>
  <DVD_chapter></DVD_chapter>
  <DVD_discid></DVD_discid>
  <DVD_episodenumber></DVD_episodenumber>
  <DVD_season></DVD_season>
  <Director>Dennie Gordon</Director>
  <EpImgFlag>2</EpImgFlag>
  <EpisodeName>Fast Friends</EpisodeName>
  <EpisodeNumber>2</EpisodeNumber>
  <FirstAired>2010-06-10</FirstAired>
  <GuestStars></GuestStars>
  <IMDB_ID></IMDB_ID>
  <Language>en</Language>
  <Overview>Michael meets Jesse, a recently burned counterintelligence agent looking for Michael's help. Michael agrees to help Jesse clear his name, but first must get him out of the crosshairs of a ruthless drug trafficker seeking revenge.</Overview>
  <ProductionCode>BN402</ProductionCode>
  <Rating>7.4</Rating>
  <RatingCount>54</RatingCount>
  <SeasonNumber>4</SeasonNumber>
  <Writer>Rashad Raisani</Writer>
  <absolute_number></absolute_number>
  <filename>episodes/80270/2147861.jpg</filename>
  <lastupdated>1290374010</lastupdated>
  <seasonid>221601</seasonid>
  <seriesid>80270</seriesid>
</Episode>
<Episode>
  <id>1975541</id>
  <Combined_episodenumber>3</Combined_episodenumber>
  <Combined_season>4</Combined_season>
  <DVD_chapter></DVD_chapter>
  <DVD_discid></DVD_discid>
  <DVD_episodenumber></DVD_episodenumber>
  <DVD_season></DVD_season>
  <Director>Tim Matheson</Director>
  <EpImgFlag>2</EpImgFlag>
  <EpisodeName>Made Man</EpisodeName>
  <EpisodeNumber>3</EpisodeNumber>
  <FirstAired>2010-06-17</FirstAired>
  <GuestStars>Coby Bell</GuestStars>
  <IMDB_ID>tt1641262</IMDB_ID>
  <Language>en</Language>
  <Overview>When dangerous mobsters threaten a port worker, Michael takes on the case. With Jesse, Michael also looks for intel on an underground-artillery operation.</Overview>
  <ProductionCode>BN403</ProductionCode>
  <Rating>7.4</Rating>
  <RatingCount>54</RatingCount>
  <SeasonNumber>4</SeasonNumber>
  <Writer>Matt Nix</Writer>
  <absolute_number></absolute_number>
  <filename>episodes/80270/1975541.jpg</filename>
  <lastupdated>1290374292</lastupdated>
  <seasonid>221601</seasonid>
  <seriesid>80270</seriesid>
</Episode>
<Episode>
  <id>2147881</id>
  <Combined_episodenumber>4</Combined_episodenumber>
  <Combined_season>4</Combined_season>
  <DVD_chapter></DVD_chapter>
  <DVD_discid></DVD_discid>
  <DVD_episodenumber></DVD_episodenumber>
  <DVD_season></DVD_season>
  <Director>Jeremiah Chechik</Director>
  <EpImgFlag>2</EpImgFlag>
  <EpisodeName>Breach of Faith</EpisodeName>
  <EpisodeNumber>4</EpisodeNumber>
  <FirstAired>2010-06-24</FirstAired>
  <GuestStars></GuestStars>
  <IMDB_ID></IMDB_ID>
  <Language>en</Language>
  <Overview>A hostage situation at a local bank. Meanwhile, Fiona helps Jesse track down information about a recently deceased weapons runner.</Overview>
  <ProductionCode>BN404</ProductionCode>
  <Rating>7.5</Rating>
  <RatingCount>50</RatingCount>
  <SeasonNumber>4</SeasonNumber>
  <Writer>Ben Watkins</Writer>
  <absolute_number></absolute_number>
  <filename>episodes/80270/2147881.jpg</filename>
  <lastupdated>1290374413</lastupdated>
  <seasonid>221601</seasonid>
  <seriesid>80270</seriesid>
</Episode>
<Episode>
  <id>2147901</id>
  <Combined_episodenumber>5</Combined_episodenumber>
  <Combined_season>4</Combined_season>
  <DVD_chapter></DVD_chapter>
  <DVD_discid></DVD_discid>
  <DVD_episodenumber></DVD_episodenumber>
  <DVD_season></DVD_season>
  <Director>Kevin Bray</Director>
  <EpImgFlag>2</EpImgFlag>
  <EpisodeName>Neighborhood Watch</EpisodeName>
  <EpisodeNumber>5</EpisodeNumber>
  <FirstAired>2010-07-01</FirstAired>
  <GuestStars>Rhys Coiro, David W. LeBlanc, Benito Martinez, Navi Rawat</GuestStars>
  <IMDB_ID></IMDB_ID>
  <Language>en</Language>
  <Overview>A doctor seeks help when drug dealers terrorize his clinic; Michael is drawn into a game of cat and mouse with a killer.</Overview>
  <ProductionCode>BN405</ProductionCode>
  <Rating>7.7</Rating>
  <RatingCount>53</RatingCount>
  <SeasonNumber>4</SeasonNumber>
  <Writer>Michael Horowitz</Writer>
  <absolute_number></absolute_number>
  <filename>episodes/80270/2147901.jpg</filename>
  <lastupdated>1290374518</lastupdated>
  <seasonid>221601</seasonid>
  <seriesid>80270</seriesid>
</Episode>
<Episode>
  <id>2408561</id>
  <Combined_episodenumber>6</Combined_episodenumber>
  <Combined_season>4</Combined_season>
  <DVD_chapter></DVD_chapter>
  <DVD_discid></DVD_discid>
  <DVD_episodenumber></DVD_episodenumber>
  <DVD_season></DVD_season>
  <Director>Jeffrey Hunt</Director>
  <EpImgFlag>2</EpImgFlag>
  <EpisodeName>Entry Point</EpisodeName>
  <EpisodeNumber>6</EpisodeNumber>
  <FirstAired>2010-07-15</FirstAired>
  <GuestStars></GuestStars>
  <IMDB_ID></IMDB_ID>
  <Language>en</Language>
  <Overview>Sam and Jesse interrogate a captured contract killer in order to find out who ordered a recent assassination. Meanwhile, Michael and Fiona pose as security consultants to stop a notorious antiquities thief from stealing a priceless artifact.</Overview>
  <ProductionCode>BN406</ProductionCode>
  <Rating>7.8</Rating>
  <RatingCount>53</RatingCount>
  <SeasonNumber>4</SeasonNumber>
  <Writer>Craig O'Neill</Writer>
  <absolute_number></absolute_number>
  <filename>episodes/80270/2408561.jpg</filename>
  <lastupdated>1290374679</lastupdated>
  <seasonid>221601</seasonid>
  <seriesid>80270</seriesid>
</Episode>
<Episode>
  <id>2408571</id>
  <Combined_episodenumber>7</Combined_episodenumber>
  <Combined_season>4</Combined_season>
  <DVD_chapter></DVD_chapter>
  <DVD_discid></DVD_discid>
  <DVD_episodenumber></DVD_episodenumber>
  <DVD_season></DVD_season>
  <Director>Jeremiah Chechik</Director>
  <EpImgFlag>2</EpImgFlag>
  <EpisodeName>Past &amp; Future Tense</EpisodeName>
  <EpisodeNumber>7</EpisodeNumber>
  <FirstAired>2010-07-22</FirstAired>
  <GuestStars>|Burt Reynolds|Richard Kind|John Doman|V.J. Foster|</GuestStars>
  <IMDB_ID></IMDB_ID>
  <Language>en</Language>
  <Overview>Michael helps an ex-CIA operative who has become a target of Russian spies.</Overview>
  <ProductionCode></ProductionCode>
  <Rating>7.7</Rating>
  <RatingCount>52</RatingCount>
  <SeasonNumber>4</SeasonNumber>
  <Writer>Jason Tracey</Writer>
  <absolute_number></absolute_number>
  <filename>episodes/80270/2408571.jpg</filename>
  <lastupdated>1290374751</lastupdated>
  <seasonid>221601</seasonid>
  <seriesid>80270</seriesid>
</Episode>
<Episode>
  <id>2408581</id>
  <Combined_episodenumber>8</Combined_episodenumber>
  <Combined_season>4</Combined_season>
  <DVD_chapter></DVD_chapter>
  <DVD_discid></DVD_discid>
  <DVD_episodenumber></DVD_episodenumber>
  <DVD_season></DVD_season>
  <Director>Kevin Bray</Director>
  <EpImgFlag>2</EpImgFlag>
  <EpisodeName>Where There's Smoke</EpisodeName>
  <EpisodeNumber>8</EpisodeNumber>
  <FirstAired>2010-07-29</FirstAired>
  <GuestStars></GuestStars>
  <IMDB_ID></IMDB_ID>
  <Language>en</Language>
  <Overview>Michael, Sam, and Jesse must try to rescue Fiona when their plan to protect a wealthy business bigwig at his house party go horribly awry.</Overview>
  <ProductionCode>BN408</ProductionCode>
  <Rating>7.9</Rating>
  <RatingCount>47</RatingCount>
  <SeasonNumber>4</SeasonNumber>
  <Writer>Lisa Joy</Writer>
  <absolute_number></absolute_number>
  <filename>episodes/80270/2408581.jpg</filename>
  <lastupdated>1290374944</lastupdated>
  <seasonid>221601</seasonid>
  <seriesid>80270</seriesid>
</Episode>
<Episode>
  <id>2533501</id>
  <Combined_episodenumber>9</Combined_episodenumber>
  <Combined_season>4</Combined_season>
  <DVD_chapter></DVD_chapter>
  <DVD_discid></DVD_discid>
  <DVD_episodenumber></DVD_episodenumber>
  <DVD_season></DVD_season>
  <Director>Colin Bucksey</Director>
  <EpImgFlag>2</EpImgFlag>
  <EpisodeName>Center of the Storm</EpisodeName>
  <EpisodeNumber>9</EpisodeNumber>
  <FirstAired>2010-08-05</FirstAired>
  <GuestStars>Jon Seda</GuestStars>
  <IMDB_ID></IMDB_ID>
  <Language>en</Language>
  <Overview>Michael impersonates a hitman in order to protect the target who is a crucial witness to criminal activity.</Overview>
  <ProductionCode></ProductionCode>
  <Rating>7.9</Rating>
  <RatingCount>47</RatingCount>
  <SeasonNumber>4</SeasonNumber>
  <Writer>Ryan Johnson|Peter Lalayanis</Writer>
  <absolute_number></absolute_number>
  <filename>episodes/80270/2533501.jpg</filename>
  <lastupdated>1290375045</lastupdated>
  <seasonid>221601</seasonid>
  <seriesid>80270</seriesid>
</Episode>
<Episode>
  <id>2533511</id>
  <Combined_episodenumber>10</Combined_episodenumber>
  <Combined_season>4</Combined_season>
  <DVD_chapter></DVD_chapter>
  <DVD_discid></DVD_discid>
  <DVD_episodenumber></DVD_episodenumber>
  <DVD_season></DVD_season>
  <Director>Dennie Gordon</Director>
  <EpImgFlag>2</EpImgFlag>
  <EpisodeName>Hard Time</EpisodeName>
  <EpisodeNumber>10</EpisodeNumber>
  <FirstAired>2010-08-12</FirstAired>
  <GuestStars></GuestStars>
  <IMDB_ID></IMDB_ID>
  <Language>en</Language>
  <Overview>Michael infiltrates a high-security prison in order to protect an inmate (a good friend of Sam’s) who is marked for death by a fellow prisoner</Overview>
  <ProductionCode>BN410</ProductionCode>
  <Rating>8.1</Rating>
  <RatingCount>50</RatingCount>
  <SeasonNumber>4</SeasonNumber>
  <Writer>Alfredo Barrios, Jr.</Writer>
  <absolute_number></absolute_number>
  <filename>episodes/80270/2533511.jpg</filename>
  <lastupdated>1290375143</lastupdated>
  <seasonid>221601</seasonid>
  <seriesid>80270</seriesid>
</Episode>
<Episode>
  <id>2533521</id>
  <Combined_episodenumber>11</Combined_episodenumber>
  <Combined_season>4</Combined_season>
  <DVD_chapter></DVD_chapter>
  <DVD_discid></DVD_discid>
  <DVD_episodenumber></DVD_episodenumber>
  <DVD_season></DVD_season>
  <Director>Michael Smith</Director>
  <EpImgFlag>2</EpImgFlag>
  <EpisodeName>Blind Spot</EpisodeName>
  <EpisodeNumber>11</EpisodeNumber>
  <FirstAired>2010-08-19</FirstAired>
  <GuestStars></GuestStars>
  <IMDB_ID></IMDB_ID>
  <Language>en</Language>
  <Overview>Michael and team come to the aid of a woman who has her entire life savings wiped out by a sleazy womanizer.</Overview>
  <ProductionCode>BN411</ProductionCode>
  <Rating>7.9</Rating>
  <RatingCount>49</RatingCount>
  <SeasonNumber>4</SeasonNumber>
  <Writer>Michael Horowitz</Writer>
  <absolute_number></absolute_number>
  <filename>episodes/80270/2533521.jpg</filename>
  <lastupdated>1298054213</lastupdated>
  <seasonid>221601</seasonid>
  <seriesid>80270</seriesid>
</Episode>
<Episode>
  <id>2533531</id>
  <Combined_episodenumber>12</Combined_episodenumber>
  <Combined_season>4</Combined_season>
  <DVD_chapter></DVD_chapter>
  <DVD_discid></DVD_discid>
  <DVD_episodenumber></DVD_episodenumber>
  <DVD_season></DVD_season>
  <Director>Jeremiah Chechik</Director>
  <EpImgFlag>2</EpImgFlag>
  <EpisodeName>Guilty as Charged</EpisodeName>
  <EpisodeNumber>12</EpisodeNumber>
  <FirstAired>2010-08-26</FirstAired>
  <GuestStars></GuestStars>
  <IMDB_ID></IMDB_ID>
  <Language>en</Language>
  <Overview>Fiona attempts to find Jesse and convince him to meet with Michael. Meanwhile, Michael helps a criminal defense attorney rescue his daughter after she is kidnapped by one of his clients.</Overview>
  <ProductionCode>BN412</ProductionCode>
  <Rating>8.2</Rating>
  <RatingCount>47</RatingCount>
  <SeasonNumber>4</SeasonNumber>
  <Writer>Matt Nix</Writer>
  <absolute_number></absolute_number>
  <filename>episodes/80270/2533531.jpg</filename>
  <lastupdated>1290375373</lastupdated>
  <seasonid>221601</seasonid>
  <seriesid>80270</seriesid>
</Episode>
<Episode>
  <id>2709061</id>
  <Combined_episodenumber>13</Combined_episodenumber>
  <Combined_season>4</Combined_season>
  <DVD_chapter></DVD_chapter>
  <DVD_discid></DVD_discid>
  <DVD_episodenumber></DVD_episodenumber>
  <DVD_season></DVD_season>
  <Director>Dennie Gordon</Director>
  <EpImgFlag>2</EpImgFlag>
  <EpisodeName>Eyes Open</EpisodeName>
  <EpisodeNumber>13</EpisodeNumber>
  <FirstAired>2010-11-11</FirstAired>
  <GuestStars></GuestStars>
  <IMDB_ID></IMDB_ID>
  <Language>en</Language>
  <Overview>Michael tries to prevent a bombing arranged by a lawyer out for revenge against a local gang. Elsewhere, Michael and Jesse must track down a highly sensitive document that's been stolen. </Overview>
  <ProductionCode>BN413</ProductionCode>
  <Rating>7.6</Rating>
  <RatingCount>50</RatingCount>
  <SeasonNumber>4</SeasonNumber>
  <Writer>Jason Tracey</Writer>
  <absolute_number></absolute_number>
  <filename>episodes/80270/2709061.jpg</filename>
  <lastupdated>1290375505</lastupdated>
  <seasonid>221601</seasonid>
  <seriesid>80270</seriesid>
</Episode>
<Episode>
  <id>2795271</id>
  <Combined_episodenumber>14</Combined_episodenumber>
  <Combined_season>4</Combined_season>
  <DVD_chapter></DVD_chapter>
  <DVD_discid></DVD_discid>
  <DVD_episodenumber></DVD_episodenumber>
  <DVD_season></DVD_season>
  <Director>Jonathan Frakes</Director>
  <EpImgFlag>2</EpImgFlag>
  <EpisodeName>Hot Property</EpisodeName>
  <EpisodeNumber>14</EpisodeNumber>
  <FirstAired>2010-11-18</FirstAired>
  <GuestStars>|Roberto Escobar|Chris Conner|</GuestStars>
  <IMDB_ID></IMDB_ID>
  <Language>en</Language>
  <Overview>Michael must work with an enemy to keep chemical weapons out of the wrong hands.</Overview>
  <ProductionCode>BN414</ProductionCode>
  <Rating>7.6</Rating>
  <RatingCount>47</RatingCount>
  <SeasonNumber>4</SeasonNumber>
  <Writer>Rashad Raisani</Writer>
  <absolute_number></absolute_number>
  <filename>episodes/80270/2795271.jpg</filename>
  <lastupdated>1304105612</lastupdated>
  <seasonid>221601</seasonid>
  <seriesid>80270</seriesid>
</Episode>
<Episode>
  <id>2795281</id>
  <Combined_episodenumber>15</Combined_episodenumber>
  <Combined_season>4</Combined_season>
  <DVD_chapter></DVD_chapter>
  <DVD_discid></DVD_discid>
  <DVD_episodenumber></DVD_episodenumber>
  <DVD_season></DVD_season>
  <Director>Terry Miller</Director>
  <EpImgFlag>2</EpImgFlag>
  <EpisodeName>Brotherly Love</EpisodeName>
  <EpisodeNumber>15</EpisodeNumber>
  <FirstAired>2010-12-02</FirstAired>
  <GuestStars></GuestStars>
  <IMDB_ID></IMDB_ID>
  <Language>en</Language>
  <Overview>When Nate gets in over his head tracking down a stolen car filled with a drug kingpin's merchandise, Michael brings back an old alias to save his brother's life.</Overview>
  <ProductionCode></ProductionCode>
  <Rating>7.9</Rating>
  <RatingCount>47</RatingCount>
  <SeasonNumber>4</SeasonNumber>
  <Writer>Ben Watkins</Writer>
  <absolute_number></absolute_number>
  <filename>episodes/80270/2795281.jpg</filename>
  <lastupdated>1304105630</lastupdated>
  <seasonid>221601</seasonid>
  <seriesid>80270</seriesid>
</Episode>
<Episode>
  <id>2795301</id>
  <Combined_episodenumber>16</Combined_episodenumber>
  <Combined_season>4</Combined_season>
  <DVD_chapter></DVD_chapter>
  <DVD_discid></DVD_discid>
  <DVD_episodenumber></DVD_episodenumber>
  <DVD_season></DVD_season>
  <Director>Peter Markle</Director>
  <EpImgFlag>2</EpImgFlag>
  <EpisodeName>Dead or Alive</EpisodeName>
  <EpisodeNumber>16</EpisodeNumber>
  <FirstAired>2010-12-09</FirstAired>
  <GuestStars></GuestStars>
  <IMDB_ID></IMDB_ID>
  <Language>en</Language>
  <Overview>Sam tries to help a friend who's been deemed a dirty cop clear his name. Elsewhere, Michael plans to meet with Jesse's former handler in order to make sure government documents end up in the right hands. </Overview>
  <ProductionCode>BN416</ProductionCode>
  <Rating>7.9</Rating>
  <RatingCount>46</RatingCount>
  <SeasonNumber>4</SeasonNumber>
  <Writer>Lisa Joy</Writer>
  <absolute_number></absolute_number>
  <filename>episodes/80270/2795301.jpg</filename>
  <lastupdated>1304105641</lastupdated>
  <seasonid>221601</seasonid>
  <seriesid>80270</seriesid>
</Episode>
<Episode>
  <id>2795311</id>
  <Combined_episodenumber>17</Combined_episodenumber>
  <Combined_season>4</Combined_season>
  <DVD_chapter></DVD_chapter>
  <DVD_discid></DVD_discid>
  <DVD_episodenumber></DVD_episodenumber>
  <DVD_season></DVD_season>
  <Director>Marc Roskin</Director>
  <EpImgFlag>2</EpImgFlag>
  <EpisodeName>Out of the Fire</EpisodeName>
  <EpisodeNumber>17</EpisodeNumber>
  <FirstAired>2010-12-16</FirstAired>
  <GuestStars></GuestStars>
  <IMDB_ID></IMDB_ID>
  <Language>en</Language>
  <Overview>Michael's enemy Brennen and Michael's former friend Larry team up to pressure Michael into killing the individuals on the stolen NOC list.  Meanwhile, Sam, Jesse, and Fiona try to help Michael turn the tables on Brennen and Larry.</Overview>
  <ProductionCode>BN417</ProductionCode>
  <Rating>8.0</Rating>
  <RatingCount>40</RatingCount>
  <SeasonNumber>4</SeasonNumber>
  <Writer>Craig O'Neill</Writer>
  <absolute_number></absolute_number>
  <filename>episodes/80270/2795311.jpg</filename>
  <lastupdated>1304105650</lastupdated>
  <seasonid>221601</seasonid>
  <seriesid>80270</seriesid>
</Episode>
<Episode>
  <id>3185821</id>
  <Combined_episodenumber>18</Combined_episodenumber>
  <Combined_season>4</Combined_season>
  <DVD_chapter></DVD_chapter>
  <DVD_discid></DVD_discid>
  <DVD_episodenumber></DVD_episodenumber>
  <DVD_season></DVD_season>
  <Director>Stephen Surjik</Director>
  <EpImgFlag>2</EpImgFlag>
  <EpisodeName>Last Stand</EpisodeName>
  <EpisodeNumber>18</EpisodeNumber>
  <FirstAired>2010-12-16</FirstAired>
  <GuestStars></GuestStars>
  <IMDB_ID></IMDB_ID>
  <Language>en</Language>
  <Overview>Michael, Fiona, and Jessie try to keep the NOC list away from Vaughn and his strike team.  Meanwhile Sam and Madeline try to convince Congressman Cowley to pass the list higher up.</Overview>
  <ProductionCode>BN418</ProductionCode>
  <Rating>8.2</Rating>
  <RatingCount>40</RatingCount>
  <SeasonNumber>4</SeasonNumber>
  <Writer>Matt Nix</Writer>
  <absolute_number></absolute_number>
  <filename>episodes/80270/3185821.jpg</filename>
  <lastupdated>1304105658</lastupdated>
  <seasonid>221601</seasonid>
  <seriesid>80270</seriesid>
</Episode>
<Episode>
  <id>4074811</id>
  <Combined_episodenumber>1</Combined_episodenumber>
  <Combined_season>5</Combined_season>
  <DVD_chapter></DVD_chapter>
  <DVD_discid></DVD_discid>
  <DVD_episodenumber></DVD_episodenumber>
  <DVD_season></DVD_season>
  <Director></Director>
  <EpImgFlag></EpImgFlag>
  <EpisodeName>Company Man</EpisodeName>
  <EpisodeNumber>1</EpisodeNumber>
  <FirstAired>2011-06-23</FirstAired>
  <GuestStars></GuestStars>
  <IMDB_ID></IMDB_ID>
  <Language>en</Language>
  <Overview></Overview>
  <ProductionCode></ProductionCode>
  <Rating></Rating>
  <RatingCount>0</RatingCount>
  <SeasonNumber>5</SeasonNumber>
  <Writer></Writer>
  <absolute_number></absolute_number>
  <filename></filename>
  <lastupdated>1302474229</lastupdated>
  <seasonid>463361</seasonid>
  <seriesid>80270</seriesid>
</Episode>
</Data>